username,address,contrib,donut
Icy-Order-3200,0xdbc54173874eBc2D30a6ba3DAF971Cb3A0B0C3ac,71488.5,0
Big_Beyotch,0x00498C8EeD45FdD106Fe1C6a69d96DD4B6e8175A,46680,0
Easy-Soup140,0xf53106887e33976408beA206B80E6276971cB0b1,36829.5,0
Agent_4--7,0x37DCB9A9C7e39BA3FdC3e57721aDb08Ed1302335,38088,0
iantonio_007,0x21eE685f79f67F9c459e4a56d1d2A8722cd926FF,34172,0
dont_forget_canada,0x009af493e9A3a3Ba3DFfBF734E1B2a5B0352dF46,37978,0
SauceMaster145,0xF79fBA163e9e5ccF83fc601552B1df880b782892,26205.5,0
Past-Association9320,0x12713A2126ec8D79E7E2e09105BFdD1c86eC59E4,34249,0
Elon_mkus,0x3cC47c557E985Cb8b52d1E263a1296fd2097121c,29554.5,0
Junior_Long_257,0xb26dBd3EFDee329162C8b3b18bB7B5B11452ea7E,23973.5,0
RightRaisin,0x8ABf3FC0c7fd9625D0ff6FFFDe4574C6273eFC3A,24749,0
Odd_Mulberry_9813,0xf214d52D850E3Eb7aa2c077d02CAc821D2579F6d,18970.5,0
PotentialClassroom75,0xEc5Dc2f4aae6401514F1205bF1f9B9143a0b8e0D,31955.5,0
Big-Ad4782,0xd15D2B702abE003d1c7E1FB340d692b9cb229ab6,18900,0
TheRock_97,0xfd91efB5990DCd90588ECA99f9C4b8a9386B3C85,21624.5,0
raymv1987,0x2A043F315F24762937CBCf0EB6CB313a43bDE534,17174.5,0
Desperate_Day_8813,0x759cFA2dC906E369fF434F6e15d2b9352c68a34f,11434.5,0
LivingFondant1419,0x3630De8985d2B2Ff2D6f0f5876a368ba2C1A9b3a,11411,0
Lokiee0077,0x4df57f4A62f05dDB2eC4e6749677AA8e77740a2E,23445,0
aminok,0xbEA18A39a1cEe253705eB5e966fe23F26dD109eF,11345.5,0
Basoosh,0x80148c5d2b61182107f43FAE67f8F2ec4b5dbcDE,10963,0
Jake123194,0x48AFb64D55c79A2E711c14a2Bf903A7C3842baCC,9628.5,0
EthTraderCommunity,0xf7927bf0230c7b0E82376ac944AeedC3EA8dFa25,27123.5,0
carlslarson,0x95D9bED31423eb7d5B68511E0352Eae39a3CDD20,9592,0
nootropicat,0x52727E01d666BeF35cEF630E14E096CA873d2783,9350,0
kohrts,0x4EF0eae978Cc851aD05f90D34cE58D51D27EB096,19525.5,0
rustedpopcorn,0xd2D117e6dbbfdD74D6b865ff859a4611bD29F3Ed,9583.5,0
tahiraslam8k,0x52C83fbEc050509468Dc7CEF0a2fFd81e95c9F1B,13599.5,0
maverick950,0x637667667Dd8Ce90eb3eb758BAb23B8d8C0289DD,11257,0
JeffyJackson101,0xFB0540545D81E964d9c3da114233501bC110Ed58,17297.5,0
FunExpression1858,0x7d982fd753a8F235f46DD2A165641A7293cAf08C,28461,0
alexo12,0x51502Abf396Dc1CF3DF067bdD8a994399543e714,16122.5,0
SwingContent6806,0x58F1788eE66AcD09A00D039229bf25678ba04c84,10478,0
Entire_Tree5894,0x5F0c47B2eccecbBE3d642528Bed5eaeeE60a2800,10698.5,0
The_Nutcrack,0x0B3AB5A8d926d07275291c074225f258d00B4F08,11826,0
cryptopunk661,0xAC18A1B674F7A966E57D1F08103F0efE2923cBa7,8561.5,0
Home-sweet2009,0x41FBef1FE9b15bce1dc7e1ffdFf6b4A522371758,12724,0
SxQuadro,0xC8D7219527E1fe9f938D66fF13bCbc8A5b04351e,48266.5,0
LostMyPPMs,0x119ECA67B5d5a6Ed85F5f0e56301273Bc56B84a8,10949.5,0
666CryptoGod420,0x7E73E49E524A95dC0E1Ba9355Dc2BdE4Db443580,34040,0
Laterxgater,0xB3731B4814DEC9893491822720224E710ad387FB,5856.5,0
TrashJonny,0xdeBFfC0A510D8630aCDD83411Fde31eed8Cf5d3D,8741,0
AmericanDervish,0xE01b18055603B89Db044F999683D7928201372BE,5043,0
ALiteralHamSandwich,0x5f9D94CC0071aCaF471Ec711143085E0DCdf453a,4973.5,0
comfyggs,0xe4C120ca4D1245292918395426E9C66Fb12e10D0,5890,0
ethereum88,0x191692F362fC815F39ED894926cFd5E672e35B3E,14165.5,0
Sunny-----,0x5c56F8A3538b22646AB938DDf229F7B93D45176f,4136.5,0
root88,0xd12337B22b6C393edcCF8Db2bdcAA7B9839a257e,3672,0
Littlebig4667,0x9D20bD90CD8b496b96F180AE4D505599169c2287,5365.5,0
Kira__________,0xAa67929D8ba4c7e157D52e1d0C79737E12CbB1be,3439.5,0
OkSiriGoogleSucks,0xf308DB4ADB04BFe12A8A26C9118BEdcF8577b155,7293.5,0
ghochumal,0xaFd2141A0DE3CE28d4E47ba0E7E94b1f8df02e52,3479,0
coinfeeds-bot,0xd056666321700092B032b2571431B2478cD6512E,3369.5,0
Visible-Ad743,0xAacc079965F0F9473BF4299d930eF639690a9792,8938,0
Lee911123,0x21E024dCE5Ed2ab9951B3735151e351a7b6cE2C7,5765.5,0
believeinapathy,0xe4e4f2F0b31AeBb536631C5bAbd4021b359198C3,3207,0
buyethto10k,0x72478d15A7970ac83eDa6E5BEdb2CB42071aB507,7374.5,0
greenpepperhypernova,0xA3cf05bAd78612f9F5807b9939908A3827FB8e2B,2905,0
ReitHodlr,0x1b036f17F5DcB000005e14773f8636b4dde76e39,3627,0
ghfsigiwaa,0x49155896F97660E6eA12170ab63BFD5822E796Da,3468,0
hquer,0x432B25711BEC4429D7F8FE64eDB6fD13741203Ba,2626,0
sartoshi_nft,0xBe822892cAcD6c7E4d312303e3caaf79EAE2A7B7,2726,0
NoDesinformatziya,0xc4C87313e79d7d7f91Ae75692b5D1aeD253B118a,2207.5,0
bzzking,0x7C48CF841a4cd5754127148fB9B20580Fc51eBeb,8702.5,0
mryauch,0x003b8292760aE87F3F7c7B40b4Cd2cC0F30245f7,2091.5,0
bitdex,0xD0be01171B75fC23A938E28d5B3064DC3Cdb14BD,3132,0
gustavossj,0xE1282993bF336883e0C2F9dab5A39f16Ffa0c7e0,2068,0
coinsRus-2021,0x610C5Ad8799F645F4dE03dd9509428B96b3b4EA7,1882.5,0
Acceptable-Sort-8429,0xD2402fa7e38Ed36c6B11fF58D738AD262631d9Eb,1859,0
naji102,0xbA191Dc80e45D512AbB45Cc08B9bF37F298Ac70d,2610.5,0
willzyx01,0x6Ff8594956ddE4562C9c9bCFC3cC1f2c5b729d51,1743,0
Fritz1818,0x713376C3BB65E786d8aA0FcFfFfB39472F23e6A6,4241.5,0
JustTryinToLearn,0xdB3b2B35A3Ad4B1293E91DffC8384a8f2d57c73E,1464,0
IHaventEvenGotADog,0xf404C300d704C358ab2933D3203c238C337CB1b7,1440.5,0
ethbullrun,0x9F822B3109BF243565C5123d8A614838668F06f1,1347.5,0
Vivarevo,0x8a945Ff7dBC68D7DEFeA264c9B838F6824671c01,1255,0
TommyBleau,0xA7CB184218cD1f644627cF8C057CEC5781C28450,1255,0
Clean_Eyes,0xD2654FeEC77934D2Bc687E4fa1Fe13442Dd9011d,1978.5,0
TripleReward,0x9E7105436F494938814E5a0bd9284C82c52f9766,1208.5,0
KeanuCharlesSleeves,0x6f87272f2aB389e78eF0C8ca6a3Aaf8d38bb0263,1185,0
Kindly-Wolf6919,0xEca23ebdfDf663d499891a833D22956a6f65DFA2,2439,0
thetraderlosesitall,0xC001F79dEd2BF0A8DB4a353dEcBCc581f3035F0b,2995,0
spritefire,0xd4999085bc8c5c12EdCEfd03aB205cC84F605Cc8,1092,0
WhatASave3264,0x148598C2b983f417b0794A06d9941eC661c8C854,1069,0
ismashugood,0x392319CD53fa7D2e9e738e1C66DF9929AaFd6168,1069,0
DemApples4u,0x7FDCd2E33E371ec87B95bbFfc2554E0b2009E446,1069,0
dont_hate_scienceguy,0x453646b0AD86697F3bfbE61F086F10FBf9954c72,1069,0
TheGiftOf_Jericho,0xBc9D9Fc6F40C357d1BcaE987D8189a383f2FB658,1045.5,0
wellykiwilad,0x55076dBe8545d1F8bC2046BC4725a0b76475A6bB,999,0
Flying_Koeksister,0xFc081E7a89BaAE30175c0877045B67Df49DAF255,976,0
IamAFlaw,0x92101D5131D2b8453E3F71077b78331907a52BDC,906,0
hnr01,0xd92eac431b6b63C95FdEcF91784eeaA47d391DbD,859.5,0
DDDUnit2990,0x5eD32F30c6429418Bb4aa23b25be2F37CF621179,859.5,0
jeffreythesnake,0x1D7B64421c367bA4EE02b399A698f9cb3e9d6676,813,0
002timmy,0x2af5f3ec4875d9E827256FdA310d2a13B9f2a462,790,0
Delam2,0x0322a47Bef6bF66942CC275FbfCD94c58f63D00a,790,0
Leif_Erickson23,0x7e2b3e6d82dA65d20AeC7cd3f2481854eeE9886c,766.5,0
ethereumshield,0x168a0997dbD0c93627edf7E3Ce0e0d4b31fBB1C1,754.5,0
studdmufin,0x4991eF523C86F02B76963e7c04dF084EccF2995e,720,0
Puddingbuks26,0x6361d1737dccFD7a68a969A7f06F9D97a740c162,720,0
tadrogers,0xAF6170428af0f15e1959c10D6f6E758dDa31C217,720,0
marilketh,0x2bdD5A5c7023Fbd1b5d32b9BD46e356e7c4db3Cc,697,0
aidfarh,0xf20f375f94345707aa5ab4c03A952FbE08513943,697,0
cryptbunks,0x8939F06ef2b75B5082767Ca6b0dAa2C0Fc1A82eE,673.5,0
Cbizztho,0xa9281b927f29D935d892FAFf26E384442FE2c224,673.5,0
chucchinchilla,0x8D6eC6aBAfd2e5578d6F00584bB1F0492e702105,673.5,0
Jahshua159258,0x88fBAc8E1E382eBAcC00919e3320BCA1481f59b2,650.5,0
readit145,0x1b6A422EAb329272bc1b6435a057847dC9Eb4621,627.5,0
altrullion98,0x464D1C4Fe5Ae7D9C3C48354B857621b17bcCae5C,1721,0
Solstice_Projekt,0x38600AD0e62F7Cc75ff3115d5377DE0DD0F300E1,913,0
Sad-Dot000,0xF853E0F68644C9dDaDc1f36F3a46bC8157825302,604,0
Massive-Tension-1055,0xae3e0e714362Fe0012776312Eba649691561F413,604,0
Top_Performance_732,0x88B8073739F867126C96F392512dDB34EF3A350E,604,0
stedgyson,0xe2dAf0e33492720d5Fc29749CDfbEe46b46B27cc,581,0
Spacesider,0x4CA0baF32146c1169E0D8Ed700e689C80195E2BC,557.5,0
ZER0SE7ENONETH,0xE3aC807faF285D4dd373237678CC24C6331Ea4A5,1266.5,0
na3than,0x88c9Af16a88487e43F3A8fDbf1580Ab6399FcDFF,557.5,0
ProtegeAA,0xBBe9ad0fcBD911d3C0aFcbD62B55A6F825b6C220,557.5,0
Dolphin_Dinomite,0xA6e988E09A415d130996138b1353F3Ffe60b913B,534.5,0
talentlessclown,0x55555F93eF16163A432E6e17C6bA656a20e51Dab,534.5,0
deluded_soul,0xB04d7EFfdEDCcFAa405BC68C5bF73153F31e0b1b,534.5,0
Still_Lobster_8428,0x483183b570690ce33644a5ec06fAFa61d2766363,534.5,0
Roy1984,0x0cC7dAE1748e8E5371b2e2b47a5D9446E1D46546,1474,0
CaseyGuo,0xa0A8900dF8c4cE52eaA5d7Ba50F4751922004d8f,534.5,0
Aguaskeepartdeux,0x8F8E6bb6D20fB56a6988F91E60cf8b5437CC052f,534.5,0
jvdizzle,0x75f5864f395C4c728921a8B3583eE36aaB59E248,511,0
shostakofiev,0x143884B56a50c2cE9a90c4029F339672a8dFc1AE,488,0
DarkestTimelineJeff,0xa15499E085B440b04d790cbE24e03597E3717F3A,488,0
Just1_More,0x7cff44bA64EC80BA3e56A2aa932Da8A32e582825,488,0
RayG1991,0x796F60CC634E9072FE0D702b05402Da5419Aaa0E,1211,0
Lewmer,0x25a53e937932f2C8dfA0F17b8A20f18839BF90bF,464.5,0
Moikee,0x641b6a9c53b9e12947f77354d6E387C26A1B7D68,441.5,0
RogerWilco357,0x3Ac12a776685aD358E9454De0C657C1C4C8Bfb99,441.5,0
420weedscopes,0x4d22f2d09f9E49B014E3a1AFC4f903a25a8c17FD,3993,0
Pandora_Key,0xB5e3F5A03308Cac8D0b47E42356C235934Ff9021,3656,0
hwaite,0x19dCB05BDc5226eEa5d908Db0DfC94E3bd755b50,395,0
DominilocO,0xE4836d7e9F67d8dfB905FE989889B394B82c93f6,395,0
Sharkytrs,0xE120ffC02ff9E6685aD3D65f998D8e40b4578A17,481,0
C4-PO,0x926657C808691462BCc7F0D4ACf52ed85d3751f6,822.5,0
Buy_More_Bitcoin,0x003E1e5C8875eCDdb2edb856c4E9F6a5FDa25F54,395,0
Scjtchuck,0x4Df087B438676C52D9B6569aB3ca9aeb5742d8f2,395,0
Artificial8Wanderer,0x47311fcD99cfb2F0764054b2546cBE0467d98fD2,799,0
kaleis007,0x2F7C4a32C1979D81812436793035E586469d1767,1919,0
Giga79,0xA50d3EE17c994864F88a2acc24303860Ebc81F50,348.5,0
ThunderTM,0x6E448CD43ce19004eaF0C8af6eEea51652328365,348.5,0
soldier9945,0x359bF450e7D6bBC64319792f61ff299ffc3366Db,348.5,0
Biff-1955-Tannen,0x538f6F8dC80f860DfD48BB58519abC40Bcb12B0a,348.5,0
crypSauce,0x16Eed4B521c832d25Ff838445cf63E0c8329eB4b,325,0
Yoldark,0x1542cBd59A301e8b8bceD150c752e5a49D196F04,325,0
MoldyCheesey,0xEe22Ad1Fdf25AFcEf120DEE4C959f0F642058427,325,0
JVHooligan,0x7B42384a6faE59cc0262CC70fCB85E8e4bd88eDD,1307.5,0
steamyp,0x268d91CAA7B25eC0Fe3D84bca24d5230a6aAF1d1,325,0
SusanForeman,0xd1297Fbc37295462322f28881DBD9a557d4317e0,325,0
Kingsnw,0x78d667Fa684D6CBbd0249c81c8DE75b42Fe82499,325,0
abcoathup,0x13ebd3443fa5575F0Eb173e323D8419F7452CfB1,2323.5,0
chillord,0x2F359cfe25216467459c4e48B88A12190E93635D,302,0
CookieFactory,0xEaa436Fb85b0b800eE833836dc9a66efE3A2e96c,302,0
yunggod6966,0xc39D581A1A095a0c5656f7196eabcd2Bc5d39Cc6,302,0
OriginalGravity8,0xb38a2009F54167cB13C894E51ab27b728B2D4fcb,302,0
Satisfiend,0x26660512EF2384141D2555d3c16ed917d2A03504,302,0
diarpiiiii,0x0497c1f8C4b2A6acEC4E8b618e6D84F5aE11C847,302,0
RealLeoPat,0x613fF14bF204127bc672Ddc8A4480FCf5c6D9F99,302,0
rundown03,0x430006f4127ee2f4edb269D6a01BA1eDBdF237C3,278.5,0
4rindam,0x9a89aA7b67ebAbA68141fb92eD5253cC3F197F1C,278.5,0
_-_agenda_-_,0x6e8961E0D227f1cae1b66A5658e77B4cc2a6850d,278.5,0
jreddish,0x3C6EB3688e0d5B3c3F8aB4599F952D5e2C216A7C,255.5,0
Same-Row-4665,0x280cD1b704519c40745BafF5f578E1445012e89B,13399.5,0
rayjaywolf,0xF96c0035971b535C84f700d006Fc1BdAc1a905A6,255.5,0
sufkas,0x54698F254129B5F8499383765ea697D1a865060e,255.5,0
BatsForCats,0x1A93d1B890335B0CD48C6Cc1f71A3387Ab94cE8a,255.5,0
LWKD,0x313Fa8a362d5c0C3d5c5F408F1703f9Cbb3b7516,255.5,0
Spare_Imagination648,0x8dcd296041839eb7182E1F8DD1dbedaB9Ff1d6dB,4477.5,0
BloodSilvers,0x512B07C8EdF18ae441aD749C03082b4909b4B86C,255.5,0
fractionofawhole,0xc25c912Efce700Ad1042CFaCaeF145195217BDC8,255.5,0
RBullworth,0x8d61eff2F1EED647a5948E630334975dAb07EE6f,232,0
Smiling_Jack_,0x05e99174E48053123e4f5083888b14753c53592F,232,0
Cravenmoreheadstatus,0x8Bf1Fa776a41f92F2714A0F766300eD427EEBaa3,232,0
Farkhawy,0xC0152aB4e3F46F8483772107aE978E7f4446C13f,232,0
JETTTZOR,0x401cD2a6590a19E9860281A3157b0B5E76dE1dc2,2109,0
whaterloowhorks,0xdb721582DC092c59692221D89103061c8B955d7C,209,0
anotherone1886,0xd34d513e271dc89f5B31aCb0eFf49a4ffE4Caa55,209,0
Live-Scar6163,0x31ffA619C402adF7b246bA897add35CAB1220C0F,2993.5,0
FuckingBallsDeep,0x25C0774C493e4BEf6c9DDf5041c2c3EAB88c4253,209,0
thecryptopile,0xFe980b1063c13d146E7BEA41Ab2fA9B98aeA3594,243.5,0
kalamansihan,0x0A663E9692AF663141653E0F5Ef8D94C1ec9CFea,209,0
MostPopularDude,0x93a4d87B6008b53927269F77b05Fa1eE33Ad7A2d,209,0
bastardicus,0x3AEfe5A8CC88F577DaB3571d035FDf4F2ECB9B97,209,0
PM_ME_YOUR_HONEY,0xB662E863aCAefDEE1C80Ef79590e1983981C3783,209,0
taimapanda,0x470f7b7eAaF7e74FE653d220Beec22bBAbAc9c5e,209,0
j1mmie,0xBAe995278B1102CEb8E86d6eB87d5f0C1caa3986,209,0
Fv85,0xefAAF3F89e1e874aD22002B17f544106181ae702,209,0
Brother-Numsee,0x5813EEDf6c2BF608D75ea1A6DBf9fB3Aea99fFB4,1249.5,0
zzinolol,0x22a890Be8d7223692C81263CEfBbE2F34AB46193,185.5,0
Shillofnoone,0x69Ab4786877947B84F5A2F85A0a8A9b4700950e8,185.5,0
Introvertive_Crawler,0x99f0fCb2e944f189cF9d9084990129Bba7C96579,1080.5,0
fulento42,0xa1523c475292067C102C6D5C68c4c194B8f264C2,185.5,0
Truffle_Shuffle_85,0x8e7a423C605dCff1FE5d1388Ee5e310cC8321631,185.5,0
Well_needships,0x1c60D3E6b341f86439c32de4923152722A2d2713,162.5,0
magic889,0x3d142f33c8be8ef376DFDC9583BD62F4f7eC4D30,162.5,0
okrim_cro,0x03a8300dbb70BA2415616E800730Dc74DA272f6f,162.5,0
Dynamic_Dreamer,0x5023BDaBE2Ba77018026c388A370150a1C26d1B6,162.5,0
so_many_wangs,0xEA0fB48fF16f0C81aD7b81587Af32247463d7DC1,162.5,0
PinkPuppyBall,0xa4f88C966Ec4537B9769Ff781bcf125Fc24E7e39,162.5,0
Soaring_Eagle590,0x35162A2ed27a8E2dC96471AB6Fb63e0Fd5058d46,162.5,0
redditticktock,0xbA35f8152262bf098D24599839049B4E90c55F89,162.5,0
Suishou,0x68De51b8A5A53fE8E62705fDcFedd7B243245D26,162.5,0
BlazedAndConfused,0x6CfB6f1c8E4285808a25FCCf3ecD8cb95c38bb72,162.5,0
anon43850,0xCf3a59523B4B793324f08F5406934ac88ab9c107,162.5,0
pegcity,0xB2FF35A8457B74bbBE8BBB703c9d10f5E554506B,139,0
mamalalatata,0x7E6bEbbcdAC84a198cC0b424Db83fe085668adca,139,0
The_GoldenDragonYT,0x07f603d2EA151b85a933985B0638AFf51b80B494,139,0
conscious4400,0xaCc1B70129de4157026E99B70B77B0d59F7CFEf5,164,0
Sad_Nectarine3884,0x043d4fe8D0c8a027bAAB2e4621249Fe826BC3F44,823.5,0
JHGrove3,0x261F436676cFA456a8F086a850160E97550AEA9C,139,0
roejola,0x6098734a6206d3d4AAb2f01973d842A8828CFFCA,139,0
Lanskiiii,0xcbF7105A505248897E90E5b4cCc67e8A0af140c8,139,0
Chad_Vitalik_420,0x094b2bCA322404BE359b34f68baCD7510FAc0B51,18382.5,0
Plazma_doge,0x478f0006c752230bF08a0C7DCD55c40Dac0AAf07,116,0
jaskidd05,0x0201b4b842aD23E33A5762982cDebACfEeC170E8,116,0
WhatMixedFeelings,0x670e9695099bFd8bacDb66d7dd947ab6257A2Ff4,116,0
Jerry200px,0x968cCD02cf62737DAE39f2d3921518Db85a384Ed,1150,0
Nikolai_Volkoff88,0x8AAfb3b4d83B91035066C671720172B492581C88,116,0
BaconRaven,0xDF3D3BE6a15B9b1004b4cb8B1aa862388B51F137,116,0
DreadLocksHippie,0x9124b9727CB5E492c13f6f61C23B0FD8063750F9,116,0
JkB6g6dT,0xCa261f83e25F1dad6717d567c4Fc9c0d71bec934,116,0
TheSnowMiser,0x83bc1bcd227835d069353cE32161cD20a0268380,116,0
TheGassyPhilosopher,0x093C515D23d7575258731966ad6F53C28DB392A3,116,0
Dtomeskehd,0x21df8267e9e8b0c9659FB2bC43B7fDEE178563D0,116,0
daototpyrc,0xD4F8fdD249ba41323880CefECEBca2Ab590D571F,116,0
steppe5,0x940d5dC8aF7aCC0B9880Fa0062a453EAb22630C3,116,0
SigSalvadore,0xE469E5886A5ec668Ff1Cd761730A610939c689F3,116,0
rootpl,0xEdc0321b407b165CF926BE3E77ecB6C791f731bA,92.5,0
PoojaaPriyaa,0x525465D20141d324fe857485F8f4E11740AAcCE1,1096,0
martelaxe,0x895708Fe6Fb1309Dc9e76Dbf88968691E82862b8,92.5,0
salty-bois,0xC29236dA2212f7589115a53FabcDeB1bfA03ddFE,92.5,0
jamesj,0x6C0c4CBb0b91D0E1120E8A7D271dE8042fBd6012,92.5,0
Harrison_w1fe,0x487144cA4f5A94289Ac704465eDe7D6175f3Bb2D,92.5,0
viners,0x53C0E349E1A9dF1ECB5366F412d945B678110bb9,92.5,0
QuizureII,0xa8Db1B74C2fd76F5746a0CE13c94c059Bd4Ca808,92.5,0
D3H4NK,0x5BcA0c31E7e9784A01e459D5e045971B28376967,92.5,0
icofreak,0xD01c67f633Acd89538c3035c85C240E62FAc0547,92.5,0
Hibero,0x8d9ae2842281786B670b19b2979Bb7378792DAAA,92.5,0
MrPuma86,0xe50B88C71E72138b20B5dB56254a7953D9813683,92.5,0
PeacefullyFighting,0xF05a8D44DaD70D9981D5db25688ABDeE6040926f,92.5,0
Hastyrunner245,0x6a77ABF2c13fF3893Ca81fe614aa51c165FE7530,446.5,0
SuperNoise5209,0x18722119EA2D21ED8b5E13E796BD92A7345C1802,92.5,0
UnfinishedAle,0xE86bdD706F97fB0fb1540e8fC7A3b3DBA8A42C5B,92.5,0
MinnesotaNice92,0x31a3c4BD4A1b016564544EFA4c3FA7A7c3d9a8F2,92.5,0
btc_clueless,0x0Cd822754099976A1Dc597501207cCc0Eab55e58,92.5,0
LoganGyre,0x8289E32357f716d689578A1CE7382e16B108C3bF,92.5,0
green_0live,0x1c8b4Aaac623C079f8f529b3B1F1136be129ED17,92.5,0
jsells39,0x3eadD8BcFE0D33Acc4CFD30752e4d66519aCF8fd,92.5,0
bigmammoth2310,0x38F6d05EF598C76D183Cf25e296687fd74400d38,1504,0
deathtolucky,0xE8730C7B0dA8377154bCE08046392E40771195a1,755,0
IseePoorPeople,0xF5Ad7aF9c602b49dab250346917D3927d7B05ee8,69.5,0
deltavictory,0xD1A7c1ffD97e8fB1B7FD55c62C8b6a4a3bA45de4,69.5,0
asherkosaraju,0x1e5302e4d8B3E6d1C9C52C53dbc2455c6d7774fa,1342,0
php_questions,0xb1888af730fB298d60be5726f3C06275851aAb1a,69.5,0
ThiccMangoMon,0xF239cD581a33559a8AEd90828fE7E735ea043218,69.5,0
ThimbleweedPark,0xC8e6326C7Efdc58750A5D629055E2816C69306B3,69.5,0
nebulah1,0x8542769d6A61c85Edab90134a7434A77a4EdD7bF,69.5,0
Defiboy,0x18ED21788DD68d620D7d56dE059Cd5783B47e563,124,0
FixFull,0xFc779a1616Edf4189c8e9163354b39405fFA17fc,69.5,0
FrontHandNerd,0xBC2be79669eAa764684C88B22BE782e820947a17,69.5,0
JannGuerrero,0xd0a78e08d412a1CD10186D8e4592529E19726617,69.5,0
Wolfos9,0x4F767eF29c9C86a32ae7e7d51f934c2aFC75060B,69.5,0
BroChad69,0x08E1DB9687DE2b1A0a18AE23df25730f69bf5A4f,69.5,0
nsaplzstahp,0x873995d400C01B397D89a5e42C66C6E14C8A35eC,69.5,0
NoMaans,0x8C0943FE0c7B0d73f0f839999F89b591104055c3,69.5,0
justrelaxandshoegaze,0xdC48446AA0A4E19fe7c12F933F33630DE226b592,69.5,0
hehechibby,0xC2b18c51d46B7C7b82DeFAfDC319E2D7Cbe79c41,69.5,0
AnUncreativeName10,0xa53647555C4b810B5E4399d07D77C9D5040a8481,69.5,0
WannaBuffet,0x4dbcB374890878B028fA6CE00B1129D7DD8CA7D4,69.5,0
YOLObetsWIN,0x22e4b0dff9E0CcD19CcA3c8AcEd282e74A47B498,69.5,0
StinkyButt_McStinkin,0x3Fa6CA30e4eDa3B11cD74a112896ECd7061A9E6e,69.5,0
Arafel_Electronics,0xd87c138715649Aab580069F24e3716CC56A51C43,155.5,0
_ArtosisCurse_,0xad73d8b4a8DC308D8DF69FCBb53650E3e4518082,69.5,0
g_squidman,0x71c1c84BEF2e7483B69da8dB531844868D702feB,69.5,0
InevitableComplex895,0xe1C712Df934f18486A7605D80ca0B310340A4E52,706,0
Lexsteel11,0xc8B6ee0463144A18465024E0C7578579c033bB61,69.5,0
Bshack24,0xEf707378fC24C7F8452D7D658d0C704FBCd1d623,69.5,0
phrodreky,0x4e1d70Cb24a8388992868f0CDaF08B532090Cd97,69.5,0
PolymorphicProduct,0x9182Bb31a3f7c34389f6B2cD27cBA69926026545,46,0
IridiumHorseshoe,0x6924DB938a76335DFCC13c61C70bae503aD598d7,46,0
_dekappatated,0xdb5c82a2472821F7016BE58c23CE1a9DdFB09349,46,0
thecryptos,0xe77D2793F6B75A92BF25F797056Fc4693C1bE2d6,682.5,0
me123meme,0xbA0a27EAe662Dd84DAC0fc2B86239b01392c3B11,46,0
cuhulainn,0x292039727d563aA9c4cC9CAeee077872B9BC7140,46,0
ecky--ptang-zooboing,0x70E12ccF51601D7bfEEc782169737AfBbBcFcdc7,46,0
MassiveHoleInOne,0xf1F4217fCb21e4a15efEBA4437b1C29cd6Cd0628,46,0
Doc-984,0x7DE8BC670EaF49c551Dfe5009877F1EbA2A5b345,46,0
Baetus_the_mage,0x8f031dbB9e7a30a6866554Ad36B58A210512b19B,46,0
BakedEnt,0x53f47266CB0677F8d0D28Cf4e6A4C714182787aE,46,0
TheReal-BKM,0x67796f2e55E70A53C91e5ff7355942c15046fb32,46,0
johnzander1,0x07a0Ca51ECFF322e7A15f5609e4C6F39cf0A617e,46,0
CryptoAddict420,0x787865942d09CDf34d8a9100382f5A0462bC8595,46,0
Rooobaaat,0x9adAE329439EebaAE731c25a7855e786ec542aaD,46,0
SAGEnnui,0x3FDcfF4Caa234fBD40621dE0e6D940cbC21Fce96,46,0
KimKarasshian,0xAA05240FEe601Cfd5ae8B59d8111F4bF64a21033,46,0
Eth_Man,0x0e066ED845a6853557A0d580b3BA998b0283ACA8,132,0
split41,0x54f38f4E33e47BD13e7A0F46Ed7AfAD61A40BFc1,46,0
Bingbongfly,0xc80D56CDE1a23907f6AfA9703F58a14AC34a7E31,46,0
Bog-EA,0x20AE0b04De126D6db09FB9cAf283D941580aBB79,46,0
beep_bop_boop_4,0x4B7C0Da1C299Ce824f55A0190Efb13663442FA2c,46,0
MaggoLive,0xFd37f4625CA5816157D55a5b3F7Dd8DD5F8a0C2F,46,0
The_Fiddler1979,0xA40a8c3E8D7EEEd144D3D557E67E893E14BFD30C,46,0
energetic-dad,0xC67FA671B98D861A9c956c3DA8C570c977aC8c15,46,0
Fearless_Expression4,0xc259c49c6C9493B0aa258f2F648a6c04567da324,46,0
Not-a-German,0xc16f7deE40E85eE1DedD2efE341C1Bf4627d432f,46,0
Firetonado,0xF90F154E0fCD7E5effDF286BeF6cB7f16837E2F1,46,0
skeptimist,0xc042cD2F4050975FCb8eA17c66f9539F46208cde,46,0
notrodman,0x1252bf1BEeA27b001d2e324069e92d83722Cd40F,23,0
YouAreTheTruth13666,0x2Db8257e8C44A56306f9234c9CE2323B197D29B8,23,0
Papazio,0xa1f712743Ca1a9e78218969E1046d96cb767954E,23,0
George-___-,0xd69937fDB9E8F9bB7A271ADF723E084b96eD37Ea,23,0
AudaciousAsh,0xeEAF61935C0c48f8F8cC28C381683d7fA2F75E1c,23,0
PRaching3728,0xe0618E3586bB78e1ca577Ec9bCb404b63b13e6F1,23,0
Dabba-The-HuttOG,0x833Cb21419aE9986e2cFFCfF837968254dce2F80,23,0
criptoretro2,0x7370f657D18D9dC10CEDeCD6d0Aa1726FE6434C7,23,0
Xohduh,0xD8a7D907380683E639bc169F1687feb905437B74,23,0
Zulunation101,0x8B1510D9aaF015F23ACF13E328Ffb5AB065C5bd9,23,0
kshucker,0xC2165545Ea4194F71FDBB141cFcC2098645b9fBe,23,0
MDeez_Nuts,0x511493D085508eF569d0cBf93641594255141655,23,0
-AndyDufresne-,0x3579D9aebd730C2a6291104ba04B3e3BddbAdD87,23,0
Plasmx,0xba7cFDE6470cfaF598999d62F7678342C2911E4A,23,0
mrtalha786,0x2a2afbDaC45C29c509F5efcc4C33bcCb0128F54B,83.5,0
OrringtonBear,0x98ce3B389D048FEc4aECe66465c7D0095Bc2829D,23,0
kyleb1515,0x96a78e1Ab5f30361f64cC003158D150B49F937Fe,23,0
ExtensionSinger4154,0xf69A9A808F4589FEA93740B5dAFCd0dB577E6207,23,0
TheOT1001,0xA8e706AdF619e4232E2f61b8ed02AA34edd86d8d,23,0
Titozar13,0xEdF5FFfDf629C496D0b56dfAe4B88D3dA9F7368b,23,0
betweenthebars34,0xFF41dE2d6D1662EB05e1417228aE04e79Ee3f3cf,23,0
K4k4shi,0xc3087e4D3298c1518aF049b6ab2C5F2548e6F4b6,23,0
Big_Turd_Sniffer,0x44aD78636e34839859513071cF873450019c627d,23,0
Lord-Nagafen,0xCB5a385fBfc15929c18E1Df889a2073aDE320588,23,0
Cryptojanne,0x1289374eB8d84aB9bcFf23f2F63a926f2E718883,23,0
MrKeks13,0x808fd7938c8Aad19e8B4C00302ceBAD8b2F20453,23,0
nicopico524,0x9A189544288783368203dA2a05f5924423Ff5cf4,23,0
CryptoCurrentAffair,0x669E203A3eD8c08c554cb3FC08aC56A943de6fb4,23,0
ThenOwl9,0xC9d48fDAF3Dde28B23c5151B690b0438EdF82BC2,23,0
grannyte,0x79AFF8CcFD94B6ca2041aFbAB3027b7E0DD330De,23,0
chillinewman,0xC9BEd71F2F1760002864E7ecCAA8C3f36fFc4745,23,0
LittleCluck,0xaccCb065A4552672Af74fF1DD6c5e49889DA328c,23,0
Jonne,0x6a584BFa6760E9fB18F9323355A6B9c453B9ddf8,23,0
sirjakobos,0x6Ff1dd1443289CC30aA3A010b6EF7BB4058D8C54,23,0
MrBrew,0x23129A7F5DC33459697c1680DF6e0a51D149B715,23,0
danarchist,0x8D7ef68d3d17fE776254F4d023B905369c897230,23,0
keatonatron,0x7c80435964Bde8071e1D3Df76Da870C2F03b44F2,23,0
Travamoose,0x9B37346aAdC0515ED4C28071A1a2a6fdAFfa23c2,23,0
JkrackM,0x9739d22DEdbBf75611414d31BDFf2860F26bC927,23,0
astonedishape,0x47c1d46A7676bF66FC66f799B68b797FB6216780,23,0
i_4m_me,0x9421aed59CDd8949821D2308a6F98a773791015C,23,0
schluk5,0xe988A079f8CcdA5D09D5DC564CBC5880737919d3,23,0
Uncomfortable_Newt_,0x5AAF7c64E58760d200E610AB6549fAC419a02D0F,23,0
tchildthemajestic,0xc9A146786F18e8323b1dea6002e32413053eA2F2,23,0
phoenixblue,0x133255db23f6B03C15e8A4aD37C8CC51D41070e8,23,0
anthony_blues,0xb08172376CDd69E8cEC06Fb2EdE8BD4F31Befa15,23,0
Time_Appearance_7996,0x8ad3f2cBb0C0fe0a6C0125FBf3D37AEa11B8118F,23,0
mirandanielcz,0x20D3c078958A2b866F9F423a722aF5a92bc7e08b,23,0
ethglutton,0x002A360042D3e351E62C9FAC2D7BBE70Ce0822b4,23,0
LavoP,0x5A9e792143bf2708b4765C144451dCa54f559a19,23,0
SacredHam00,0x6a6C75DF55bA88e3eaB15bC54Fda3ADE12786Bc5,7668.5,0
FranDavilaR,0xc711C3554398d0D2639aB319C00fAE08d400a102,4739,0
furysammy,0x76e419ef20Af6528845bAC54DF4D5252A9cB3Cdf,689.5,0
Think_Kale5491,0x6b156A3966F4404cFD0Ff979b45BC6E519Be535e,603,0
OUI5,0x7582B03DF94ee8F6Fcd76258A8D709Ae6B4d53bd,344.5,0
Budget-Buffalo-6804,0xF3F3194850660DA632B773291806ba456f202dc4,689.5,0
Public-Newspaper6975,0xc0b7B3861F664d510b57df7E0A2F606E8C42045F,273,0
consolationLog,0x62883efA0D232feCb45422B8954a99adF676797C,281,0
TheRempo,0xC5308238EB28b03c63F2a7845B164379120a6B96,636.5,0
imjakedaniels,0xD7Fa72199Dd1B5F281Bc3D923918ebE56A6bb07b,783.5,0
BlazingHotFireFox,0x69CaD5700098560493f635D73F0Cf6947E935FCF,636.5,0
Ropex007,0x9ae5BD9e66a71635E8a1a9feb210AE2851d2A0ae,48,0
MatthewBell77,0xFc5bB73537B9606eb753fE91F5BAC2995326783C,636.5,0
DonutMultisig,0x367b68554f9CE16A87fD0B6cE4E70d465A0C940E,0,0