username,address,contrib,donut,adjustment
kirtash93,0xa51731189c99832A2ba2f28C6c2dc1Db451F3a2e,76660.5,76974.33,313.83
pythonskynet,0xe7F3c9746282d534f8C90fD410624333e23AC565,69237,69364.5442,127.5442
yester_philippines,0x97EB58F86F1b67561990C933eB7a8426d139fa58,41919,41986.71,67.71
Buzzalu,0xb89CB46A5Cf811b99A3608C8b9e63aD0DE990Fe0,48888,48288.4096,-599.5904
Electrical_Tension,0xFbF271152D5F4220D8c8340052c2e1E8451b9728,36732.15,36702.060000000005,-30.09
rootpl,0xEdc0321b407b165CF926BE3E77ecB6C791f731bA,43429.05,43438.73,9.68
Every_Hunt_160,0x51fa5238F563A48B050bdc69A1Ca91358f1BB337,48736.8,48890.81556,154.01556
Sharp-Subject-047,0x5b3eA1DEFFd61ff316D14770601B03eD070962a8,40555.2,40539.42,-15.78
illbeback_69,0xD50F8126B10dcdd03cF900A053f5Db78FBEA95b3,28551.6,28527.85,-23.75
reddito321,0xbE8793cE3eA65A70BdA8C0364981f900Ad80d9dB,41469.75,50615.53,395.78
Lokiee0077,0x4df57f4A62f05dDB2eC4e6749677AA8e77740a2E,30257.85,30306.34,48.49
Prog132487,0x1dE6FfC60B876124e315734C4772386192e67d96,32130,32265.43,135.43
aminok,0xbEA18A39a1cEe253705eB5e966fe23F26dD109eF,32614,91856,59242
Downtown_Yam9137,0x615574714C96ca4dF84Cb7f7dA4deF5990904D67,13899,13893.76,-5.24
FattestLion,0x2dBB136D8DC31698ADA7C56E0853C255629d0cA6,14284.2,14292.91,8.71
MonitorFlat229,0x2ccE323E044Fe6669Bc7286f5445A20c93890d2b,12954,13029.49,75.49
Friendly-Airline2426,0xCA7faf6c0441049e2F449fbA86B77587987A21Fe,19694.85,19755.750699999997,60.9007
Bringerofsalvation,0x83E590540fc9f70EB29d5BB8dFc98930ba3253bE,8694,8712,18
Sky-876,0xDbE3B1F7bea6c329F6DCb8b9fA0D4D27948c22C1,17477.25,17552.14,74.89
MrPuma86,0xe50B88C71E72138b20B5dB56254a7953D9813683,9642,9312.12,-329.88
raresanevoice,0x8ad4F9ce9bC2dFEafF948Fd7E11e9cbd1c926438,9357.6,9350.460000000001,-7.14
rare1994,0xd1d0c56075B61cd28f62c3bd2b37647703319d6C,17701.95,17681.33,-20.62
Lillica_Golden_SHIB,0xB1151e3F86D4FEbcc4f75Eb3ad8E6F39104daa06,16494.45,16495.45,1
BlueMugg,0x9a7Bc3F4A5dEbb8100F22BA7C5E057df95046B79,6649,6658,9
DBRiMatt,0xFEdD14d3a32FaAbfbd6E290fAA73Aec58e894650,8047.2,8140.61,93.41
Fredzoor,0x45051312DeA7a0b7302bCbCCC979E88e28a08e3F,16280.25,16546.65,266.4
TheNano100,0x3A11c76440655D4DdFF16a4aDAbBa15E98E89786,31371.9,31446.824200000003,74.9242
Honey_-_Badger,0x9a8321d07BfD79f9B8A87DB28cE8885C4045f64e,10611,10638.5,27.5
boiboi3434,0x556F5911Bc0F3a14b3427BB6d3e84c8022E44b20,11379.9,11380.95444,1.05444
OldDomainer,0x28abA2DFcf42eAdfEe60CeBFA650aC7184652424,14627,14654.134,27.134
KompolNakBroMek,0xBD007Ad19Fa7a0Db0526bFfBdd634011D5DdB09c,11353.65,11399.67,46.02
Easy-Soup140,0xf53106887e33976408beA206B80E6276971cB0b1,7180.95,7180.95,0
ASingleGuitarString,0x870d6C65E99EeE634165150282c68Ee88A5eC6b1,9241,9189.552,-51.448
HarryDotter420,0x5520E1534d617D353c4AC182FF298689ee2Fe91E,13218.45,13243.782000000001,25.332
dead-spiral,0x7687fbc6D50EA1620105A0e271B8Cb6239905121,10321.5,10283.13,-38.37
Elon_mkus,0x3cC47c557E985Cb8b52d1E263a1296fd2097121c,12126.45,12262.45,136
rikbona,0xd38e0BF45e089EEd644c1A2F3B701fDf8Bd3c2b5,6755.7,6114.65,-641.05
mattg1981,0xd762e68a2d30ab4d836683c421121AbB5b3e1DcC,30949.8,40647.340000000004,947.54
TheOneWhoCared,0x20644e4F409b9D9cAd1c858730a5D020ec482Ca4,5859,5543.23,-315.77
bvandepol,0x52a7f4e8904F70Ea831ED31511b35AadCB36b1d9,5790.75,5885.31,94.56
goldyluckinblokchain,0xbfE08A5301906f5B5C1DB7E61Ae5A9420afcAF4A,7488,7251.1435,-236.8565
garysei124,0xbf452f324076b58b28F77F79fc4FC27CFBe7884B,8642.55,8652.55,10
Albinonite,0xd9c58bbb5e8f82736FbFBc0527845ECB3984517E,4440.45,4433.76,-6.69
F-machine,0x6b2Dfb8f1F88A400E3aad648d9D8A1a5E1820a7b,4002,4034,32
S-U_2,0x01d3d24f754d64c7f9942c00aef89e6f64b4c205,3630,3644,14
KIG45,0x196b2bd780c5dEebab6485Bbb985658c63322BD7,3567,3572,5
PublicSleeper,0xc7C3870c3aC451eC07d94d26Ed2D4F2Ab8050116,3835,3835,0
Creative_Ad7831,0x5ce03C34F851066DA7a7392526a7EC4F81790e1D,3220,3201.82,-18.18
dont_agree_with_me,0x801dd958bA458Cbd68D663d7D76432dD3c6EE60a,5058.9,5254.9,196
Nabzzzzz00,0x5B1d0B3d528577Efb045499894654d1834D34d0a,4152,4158,6
InsaneMcFries,0xcBedBe4f7b04Def3b4ddb581c266a0c45023D99f,3640.35,3620.35,-20
Defiant-Appearance98,0xB714d7808da88FE5591BedcD9928C472ee0dA72e,2937,2937,0
AltruisticPops,0x6fa6922842FD09782A61b3B11ab4fb00EB87B1C0,2753,2775.31,22.31
SarcasticSamurai619,0xBbC068157D4699E18ad053F75D72F1D46De9B92B,4184,4184,0
Gubbie99,0xaF29FACA9278f3FE68BaDd745BB7f5b1538A17Ff,8558.55,8607.939999999999,49.39
ellileon,0x10006c92af4c697dB4d168cB4e2C56009450a493,2588,2588.6169,0.6169
Defiboy,0x18ED21788DD68d620D7d56dE059Cd5783B47e563,3717,3717,0
cajunrajing,0x2EfBdBAf6a3a9d7BB2070aa7a16318a67C730534,2540,2550,10
mochi_ball223,0x626F923258844eD8015B55099332c7bBd2277097,2189,2245.69,56.69
Ben_Pars,0xE7577A26478a5f70E1b85D3288be13E41072429C,10986.15,10937.039999999999,-49.11
DIYrself,0x5B45daBABe4756460D131C355d36cC4F82EDccf3,2281.65,2316.65,35
Huelino,0xDF2ffB4A4c766a322F1fBe6a6E344CA018bDeC9e,2160,2163,3
cryotosensei,0x714Ac7c57BE78759F57b3f4a240a5a6588316002,2074,2082.69,8.69
telejoshi,0xA04C6Ce4a418E2B9b6BC95C06b9fAf664A705402,2668.05,2647.05,-21
Odd-Radio-8500,0x795065F0368BE7149140D2b134fe2bA072db42AE,2000,2016.9,16.9
Pibo1987,0xf3A6ab4AB31aB110b272B238A5E29160c9804c05,2372,2359.34,-12.66
crayontastegood,0x09028949bEf4b51709e0b149Ed67D9B2f802a2E7,2746,2747.69,1.69
GreekGod0007,0x189e5333750Ad646031E0A308AB89068058580D4,3889,3894.1,5.1
teeceaustralia,0x7Ac4E7D8250E0D4c370DE927Df8418e7e8070648,2892,2897,5
pizzapicnic,0x4f3dB84ba975aD6e6863DD0aD8bc078f2AeeAA5c,4305,4322.28,17.28
SuperNoise5209,0x18722119EA2D21ED8b5E13E796BD92A7345C1802,1873.2,1869.2,-4
Consistent-Revenue61,0x4c28ACB66AAF568ab93e4Fd4DCcdEe1b6072F9Df,1820,1820,0
CreepToeCurrentSea,0x1e6ff9e5e7c301a6290dd14662273a5e5817a2a6,3076,3079.53,3.53
Gorbachev_,0xbc50316986Bc7660dB54F34d3f5ECF7472b97377,2353.05,2370.92,17.87
legionticket,0x4a5008a960df61ce7cf1efde0cbc268c390ff94f,1698,1696,-2
timbulance,0xf8b2808E19413E0b14C2966dD6afB497c7F5A919,1771.35,1771.35,0
ReitHodlr,0x1b036f17F5DcB000005e14773f8636b4dde76e39,4213.65,4233.69,20.04
MasterpieceLoud4931,0x16bd6f1d0d3a5c039ca67e0da0dea4ba3823bb23,1606,1613.69,7.69
partymsl,0xDCe583535B74c67CA542aFdA1be01Cb5F505BdC5,1504,1505,1
LegendRXL,0xE40EaDCD565221B63bB106D668baa43941B53a65,1413,1409.62,-3.38
Mrwiowijo,0x18E9195C3A328941B73b976269B6703B043fA396,1400,1400,0
economist_kinda,0x09e8a60Fa9a4EeeCfe2f4eC2D08ddA56307d48C9,2534,2543.42,9.42
wen_eip,0x9653f86326fe986D45DaA16aE0b904AAA9F9Bcb4,1820,1750.58,-69.42
SlowpokesEmporium,0x19FCDC5C6a1923afbBedA2Df2b824AC15a3245cf,1358,1359.69,1.69
NSFWCryptoPosting,0xC0ab867a4750bf24141c59e5fa50967757cEfe51,1814.4,1806.4,-8
lordciders,0x4b1f1C251Ce3Dc74C9Bb2EcBcEbC9bc7f855eF27,1580.25,1579.25,-1
PoojaaPriyaa,0x525465D20141d324fe857485F8f4E11740AAcCE1,1238,1238,0
raymv1987,0x2A043F315F24762937CBCf0EB6CB313a43bDE534,2013,2009,-4
EthTraderCommunity,0xf7927bf0230c7b0E82376ac944AeedC3EA8dFa25,1209,1209,0
Modern_Orange,0x6700ce7153e0D993221Ce4994e5F6Af57B1a559e,1207,1208,1
Sunryzen,0x8424782665f9D16FbD8A30F0cDE6109bdAB496c1,4047,4052.22,5.22
ShadowKnight324,0xdea176973310D5bdfE5D8bE85Ff7B5Ea5Ab060f0,1604.4,1680.6200000000001,76.22
Xylon818,0xf6d7abcCbc6E8291115b35b636360427ceaC0C7c,1536,1538,2
Wrong-Spirit-391,0xc800edAecBA0feA58Df6CEE467535aD6fF54CE62,2640,2642.63,2.63
MantisToboggan66,0xe03d2E34513ed45479e03364d5CD8B5FfeCb63D9,1157,1162,5
GreedVault,0xE809f4C6959610ad7d05C4117624f47d0554cCa7,1099,1101,2
Goonzoo,0x177FcF75AF5a0324AfFFdfA578F7b14d42f71d80,1108.8,1095.18,-13.62
PirateSKB,0xd5aD34CeE33bEF42e47B3eE90417aC1C6779477d,1074.15,1075.15,1
Livareness9947,0xd5038d032D61e5908CeAED32A95B684564dA32e3,909,909,0
NaturephilicReaction,0x3e0bdDC0382E08E7cf6E795EAE7546CB88c55182,882,882,0
Visible-Ad743,0xAacc079965F0F9473BF4299d930eF639690a9792,2713.2,2715.2,2
Revolutionary_Mix941,0x9e19eB67C0E7fbFe0023E7c5093d2863b86f17Eb,870,870,0
Ben_Dover1234,0xC1e012Fb6e952a5d5F44a2BeE20078aa1e65817F,2486.4,2395.166,-91.234
whodontloveboobs,0x133299c1c5bc0C64eb1365444031fDa1161E0F58,828,828,0
maskedbrush,0x92adc859e144c1ee4dc3d55daa465f8ce16b9d56,817,825,8
lucashcy_97,0xEDBaF914C6cCEa8352512808060C6b253B6a69CB,933.45,932.45,-1
Josefumi12,0x02C83E7C47D9fbe79327B5F2599944fd41F8a455,781,781,0
DrengDrengesen,0x4D96456D6E0CBFf7Aa847E681911f8DD1f208aa0,768,760,-8
WineMakerBg,0x2d7972a9b470e8Ac19dFf25bf4ba5f80F21f7944,765,766,1
jamesrosshill,0xFc2C0F3925a0Eb03824059421C7C031B34a4788A,711,712,1
carlslarson,0x95D9bED31423eb7d5B68511E0352Eae39a3CDD20,12678.75,21433.750000000004,5
Lordofthewhales,0x3607C4Ae351264892154bdab2d65622B8f5420fE,731.85,731.85,0
Fritz1818,0x713376C3BB65E786d8aA0FcFfFfB39472F23e6A6,2653,2653,0
verysillyman,0xEe1B2A2679Da95479Bd6421Ae635598425083A49,684,690.9,6.9
SigiNwanne,0xD90C22d2Da086Eaf293E6Ca056116C7d08DecA47,682,682,0
ablablababla,0x5DFa59d24554d3cb74e8153F7F44336C6eD287C1,679,680,1
CrispyDonutBot,0x7A5518E69213AbDC07CBb96a495Dd0eBd9792487,983,985,2
emyfsh201,0x1905f698505AAa9b925f5A4dbd0c75d9B57C60A1,653,651,-2
Malixshak,0xb10135E33D94f8364E9dA4148f908EdF92b1bD2f,865,849,-16
coinfeeds-bot,0xd056666321700092B032b2571431B2478cD6512E,635,635,0
doctorwho_cares,0xB96F63E3a7C380214704893f8f38f91caF413321,808.5,789.5,-19
vmguld,0x31Bf9c97dDEe30309E76878df7c6Be1F2F2354Be,598,595.8,-2.2
Eth_Man,0x0e066ED845a6853557A0d580b3BA998b0283ACA8,2565.15,2531.83,-33.32
No-Elephant-Dies,0x73e6b2aE810aD8db323de88Ba612b17C81408eEF,585,595,10
Abdeliq,0x68e5b83d9a4e82d3833de0365543e7d26897b413,580,628.1069,48.1069
Mundane-Farm-4117,0xa9c8794aa432237095dCDDeff60CbA676B014641,577,579,2
SeatedDruid,0xEFC056b70CcAfa39150447D39478db581928CF51,554,555.69,1.69
eonesimoszsss,0xAf85D799DeA4b959c8c877bFdD2f1c7ccf83549F,1067,1063.62,-3.38
shoaib_ahmed_007,0xAf924Ed9F131EFBFBCf5B68e1664daEB5d0ceC2f,541,541,0
good2youall,0x3c1bCB3bb9d6A551cCb2F37201C084A407E8fB0c,2779.35,2745.5899999999997,-33.76
83nno,0x09FE406678719689Bb99DeF89018a9d349e90B3a,747,747,0
Budget_Muffin7766,0x9Af25fF741763B43F67be449329A3A607799BFf1,530,531,1
Mrkay07,0x41520DA55f0cd3888b4115547b39D75EF151317d,528,536,8
Brave-Hospital3807,0x466C75353CDC6A972AafB74b62841C7c13431904,473,473,0
amazonboahancock,0x58D7bB1d9B98dC29d3bc6A300fdb2a5ae65008Dc,470,470,0
Alfnixpy,0x9E7c0403432e25d6DFA2698c41E1D9cA281eAe11,467,467,0
tahiraslam8k,0x52C83fbEc050509468Dc7CEF0a2fFd81e95c9F1B,747.6,744.15,-3.45
transfermymoons,0x0420640ea43cDaa84d2e951d798A82c68Bd80C5a,458,458,0
DrDynamicyt,0xC86b8988Da8057d56B583a227253cB793509daf9,444,444,0
milonuttigrain,0x40a255d2897129097c73E174D7abfE54BFb205Ee,441,441,0
Soil_Electronic,0xD6009d81240658cC078aC43fb3Fb108F35b811D0,431,431,0
Super_Iron6408,0x0a2b254541106ec3414137Af0DD4Cc77E3818076,426,426,0
samer109,0x64089F29287533eadb78f1e3Bf9830F4453e6C65,415,415,0
falk_lhoste,0x7AdAe2238B6BCa88D9f64E468d2fD551E0587c96,433.65,433.65,0
eat-sleep-rave,0x531bD0C1Ad5c2F25CC6A46C9e38B9C140587049F,1150,1150,0
Jake123194,0x48AFb64D55c79A2E711c14a2Bf903A7C3842baCC,11736.9,11331.9,-405
FranzJosephBalle,0xD1906a5eDDD9034b7D369ACD254aBf0d0f763CA6,806.4,806.4,0
Atorcran,0xc9Cb73C552b09E225a15EAe1b9005A8F0d956250,458,459.69,1.69
SoulUrgeDestiny,0xA503c0E06e5cCf0B599771339158aDF58FAe8728,604,223,-381
RealLeoPat,0x613fF14bF204127bc672Ddc8A4480FCf5c6D9F99,862.05,865.9499999999999,3.9
JoNwOrDy,0x740bd76dD50574E4DdabC1432Cd5e41148398451,371,372,1
sell_at_top_nov2025,0x942C649A9d0769870FdEE11571E902A3591DC3C7,360,360,0
n1ghsthade,0x443625Fb4ACAF5D40B3208e73800E96C72B4b19D,353,358,5
mvp_investor,0x7cC15BA1206803Db4a930aeb7392DA3Da14d60E5,350,350,0
Legitimate_Cattle254,0xdC5fa8Cf32B9A9784f45FF5A1aAdBEa21F907E99,345,345,0
DrRobbe,0x5eD61dee19B3355cf125a5cB95bEC8f344523628,359.1,357.1,-2
The_Rise_Of_Kyoshi,0xC57E7Dbc975bBe02c0FEeE721B212f5162c4aC26,345.45,357.72999999999996,12.28
Guldrion,0x12859b4528b8B9EFaDc5530e30721a6087FBB4Fd,1043.7,1042.7,-1
FlashyAd8082,0x18DC759342f39C43EC85C51B301Bf188dC029801,311,311,0
ChillCoyote,0xbB70FB1529678f0F21CecD51Dbb41b78B9CC40C4,308,309,1
DAMG808,0xAd4c751A0c4f4BF438c571c40e84e3E414A47558,300,300,0
cryptopunk661,0xAC18A1B674F7A966E57D1F08103F0efE2923cBa7,1380,1382,2
SwingContent6806,0x58F1788eE66AcD09A00D039229bf25678ba04c84,2597,2583,-14
bkcrypt0,0xE003C45A1B4afbbeB0816053fD90c7c91c8d32AB,296.1,296.1,0
DeliveryWilling1396,0xe34F20F4775a0B726ab8aD3E50637AF408fB64ea,277,277,0
Tribalboi69,0x71A3D80b0De3e0BCB4458bCE78F62c814ba41C87,287.7,287.7,0
Odlavso,0x3cAa5fa6358Ae6972bc92F5A96444ED4AabF4737,451,454,3
FreekTheDog,0x8f3A2D71976D22b36feb722Cf520a7Aa9Bd6d6b8,261,261,0
Shot-Environment2862,0x2C300b84807fa827094dBbD85572c1DB6a90c525,256,256,0
MrGodzilla166,0x45a96F0bdABD1721674bFF9D8fd577073CBeBe35,921,921,0
Kindly-Wolf6919,0xEca23ebdfDf663d499891a833D22956a6f65DFA2,1508.85,1503.9599999999998,-4.89
Independent_Ear9101,0xfc1Ce1414A298eE5D4Ec6677021eE952746Fa92d,245,245,0
Yellowflash274,0x5d5d77e6FF944Bad6FABBD392D6E44a2445fDbd9,245,246,1
RaulCapablanca,0xB58A789D6CAd225624C7d80C833AA89C55123e99,243,243,0
ToshiSat,0x378Ea7e7E7Db2501573a22aecc4A2269C89642C1,240,240,0
flavoredbeef,0x8a22Ed00c7b6a991CB1d520b107eA118a66Aa54a,238,240,2
Fumbles1231,0x0373d212375bEE0B59813a5B39F00B7BBADFec3E,246.75,246.75,0
Fiddlers-list,0x753F545dCBbC15744C8441089b64D5c567a306b6,938.7,932.8000000000001,-5.9
coinsRus-2021,0x610C5Ad8799F645F4dE03dd9509428B96b3b4EA7,227,227,0
forceworks,0x6DFF2B8bbaBEB98aAdC47ca38b1df5063d16E208,217,217,0
redditisalt,0x2c3b90b2e221e7fefbc591bb6f24a799692f3c0a,217,187,-30
Icy-Order-3200,0xdbc54173874eBc2D30a6ba3DAF971Cb3A0B0C3ac,209,209,0
InevitableFixabl,0xd869e6D22c2af447d6693F18957b00adFBd8F5f4,206,206,0
roadbowler,0xF07f50486FD55049c9A81b7eb35c90AA24E19278,206,206,0
C-Dawg420,0xCcf73e72AA8BeDbE9db505c27E025a0A2134165D,198,198,0
inevitable_username,0x53b74c10cC9a5a4fE8EF0fda64B16F3d7c970B5B,196,201,5
Affectionate_Hand_76,0xdec20557d004b995EBb5B8eB21a681a77Ef54371,196,196,0
Allions1,0x27C1bEc62f02680b3A60B837A8139153D6eA2381,478,478,0
wmredditor,0xE0949A5aa405229A8F3ED8C950721F97e85526fB,527,527,0
MrPuffer23,0x49E11E8c13991f0061614D5200ef50EF9e9862E4,183,182,-1
buttcoin_lol,0xf64cd5588A82180F32596CF2bb6FfEceb0647A49,170,170,0
badboybilly42582,0x73F55D306dFB8E06bc4e2E90f3fA02a88f77D076,162,162,0
UFONomura808,0xF0d241d7C6ffE48D6bFb14e55882897548741De3,162,162,0
Big-Refrigerator-379,0x1c0a23aC0EdB43284F1c2C2aE20a7383a551EFdF,159,159,0
Abysskitten,0x44c40501f71050116Cc687acAEC0CE7798D69331,157,164.9,7.9
MotherSystem749,0x0445f84164f452Dc6204c734Cdd7c98BDab0c236,158.55,158.55,0
toogoodtgp,0xF15Da810c159d30A8ddCCb350d449C06f5328b40,461,461,0
mZoleee,0x0c59a0BF6E7186625bf3d5a485e6a036a3b45c93,138,138,0
anotheralien22,0xBB941814178343B0FD9908B1E3C3De17F4f5cA04,210,206.62,-3.38
Planktons_Eye,0x924aBC1A849CeC97e2282fBD64BeEb53197df7E6,133,138,5
dopeboi1994,0xC47017FFd91E65e951215999C0d0a9899858E2CB,133,133,0
trustnodes,0xbd56dba641A856a0AfA8DC05BfE52368965bb04B,334,334,0
RUBEN4iK,0xf2B0485b7E8551d3Bb1953fBf6c5197C29A3d15F,129.15,129.15,0
Vivarevo,0x8a945Ff7dBC68D7DEFeA264c9B838F6824671c01,120,120,0
deltav8,0xB65F0d04f34289785e48074644b95B238862a2E6,118,118,0
sophos101,0xeB2A37071C4c938c926f03BE1f131D73F9065aA1,118,118,0
Mrramirez44,0x803Fa6b110d013ff4D9b2d7A081Edd8e4F10C3bd,115,120,5
foreignGER,0x3E0231812cA1b81c180DA4537B8F2eb4Df380e32,335,331.8,-3.2
middlemangv,0x9d0D3181E0d70A3ac218155723896C02Df387B31,110,179,69
Illustro_Nocturnal,0xDF594630315BE05788F8E221Da56c9F8397454F1,110,110,0
ced-uca,0x455C3D904B7F87133d61c0d4c0F31E78047E2233,110,116.9,6.9
feric89,0xfC28f4Ed27693f4De4ACCf23D992E40251837fA2,748,749,1
LightninHooker,0x7b55b0b671f2952B092bEbC75dfcFb9B86cDD032,107.1,107.1,0
ripple_mcgee,0x75Cc84e5a3a69eb26C26261fd7A594d1F5011D39,99,99,0
nakamo-toe,0x7d84260958eb275a29c3805679ba2dfa480dd802,99,99,0
Daddio_87,0xb78D79845d0b1279CBcff339a53CFE28cC3e9CC2,99,99,0
Mysterymanashu,0x43Cb7328177aDa726c88dE29FA888b9BFf1067C8,97,97,0
MichaelAischmann,0xa18aBe5EDDaB2cdBF2837425FAaf32bd9B0085Dc,94,91.31,-2.69
Marauder2,0x62921737F68A0da30d7DC7da13494784760CFDBE,98.7,98.7,0
topcontender,0xe921c7ba928dBA3846C379d9Eed15bC134e81168,286,286,0
Silver_Wishbone_6368,0x314Ea9Cf16981A5dB57569625a2EAF168506A261,94,94,0
na3than,0x88c9Af16a88487e43F3A8fDbf1580Ab6399FcDFF,94,94,0
deluded_soul,0xB04d7EFfdEDCcFAa405BC68C5bF73153F31e0b1b,98.7,103.84,5.14
Dapper-Horror3112,0x369cDE7257cE8FEF01aBECf9Bc9B387946b2e1De,241,241,0
erizi0n,0xf8c213d2041D9C6bcF9b594E7322C7191612CF61,89,90,1
Carretje,0x549ab2CfaA7fb1d1B8AF6E0654efb24CC65c76E6,245.7,230.7,-15
Gh0sta,0xfd1e50BcDA3A1f9eBe6E50Bdf80cbd2c3D6a1fB0,86,86,0
Goldbaerig,0xEf3114817602E8d92cf35056a357c0Adc069d751,86,86,0
changhuanese,0x0F36bFDA16aC9229cbFEd30c9B86ffd8f9f7a13b,86,88,2
IlIlllIIllllIIlI,0xA4C5631F5D941dB685D8e1CeB3DF35F5bF88E264,84,84,0
towjamb,0x6AA08E1E39958055836F31906C6ff8c072e8C0F3,84,84,0
RealCFour,0xB92546f1a47542fa91D7A1c6531A56a95b711D46,81,81,0
GulibleFox,0x03be8f49c773c37a214eC4Bb5C5B4b1701D2907b,81,81,0
Professional-Monk811,0xa781f201108a0be280433b08229c4693e062dcea,81,83,2
allstater2007,0x7499255C38340cEd727D82eBb3BEE390844B05c5,78,78,0
Simple_Mastodon9220,0xd28248A70B46E525A2b6f327Ff3C2D81ba97dC2E,78,77,-1
TheyAskWho,0xD388Ba04AdBcb68E4CC54B1B9391cCE7b43CA694,76.65,76.65,0
CM19901,0x676eDd42FcB0dC9852036cf6eCa52d3BE9204DFb,73,73,0
timeforchorin,0xc3aD25f90c433646328a894568444d55DE4E6eb1,73,73,0
Littlebig4667,0x9D20bD90CD8b496b96F180AE4D505599169c2287,76.65,76.65,0
Realistic_Wrap_9767,0xb8668580674d6714979f79A3fbF433f65566B8f4,71,71,0
letsridetheworld,0xcf21D9ED948d8F0259Fbc36115c9aad55e4CD8b0,2517,2532.59,15.59
mbdtf95,0xE6e5c8Ca311eD1E5993bbbD588aBD8D17fb440fb,68,68,0
manchesterthedog,0xD87f3f0bbA00A715136eB1Ac09D9C29eCB30489E,65,65,0
CoolCoolPapaOldSkool,0x3e94cE15A42a8E8a0AbE405a7B0dc4F00f2862Db,65,65,0
Desperate_Channel_62,0xe0a43b69FdCEc46665C5065451C6Bc3C1240073a,519,519,0
Cryptomaxie,0x45204b91CdEBBbf9ED56F9aFF036b88988934485,65,65,0
002_timmy,0x70BA80d1F08289b1d73466Ac8Bd949e5B2AA8219,495,495,0
barefoot_au,0x9c323352BD5F6B4C7496cc8F2FFe2068cE755273,60,60,0
bangand0,0xA0d54b6a13C05Ff4AA2F5Ac8Be713860AB73B9a8,60,60,0
Asleep_Fact_2549,0x0CCeCFA1cf708a063Fe6b8306363430091B56228,60,60,0
Arafel_Electronics,0xd87c138715649Aab580069F24e3716CC56A51C43,63,62,-1
Giga79,0xA50d3EE17c994864F88a2acc24303860Ebc81F50,60,65,5
chuloreddit,0x6c63B2a66F089F19647f85bC51F6EAD09FbaB83a,57,57,0
compressionwaves,0xb7d0101d367d51cE7a33Ce146eC44713306A94df,59.85,59.85,0
Crypto-4-Freedom,0xE1b24E1778FE30648d7998f3b9e77F42C6F2CE03,57,57,0
Ok-Dare-621,0x4f2b48fc9b5d20a0bc624f759AD9D23d2530B85b,57,57,0
Indianfanss,0xe64c20f550048AB93CC90973ba1aB74E0d2C33D8,55,55,0
MarquisDeLaCrap,0xF771af1103e074088c97c61EbA4b226A2941Ff6B,55,55,0
Medfried,0x7bd6A3e266f4Ca252D38e74fAB528F539765924c,55,55,0
Usual_Tip9960,0xDAbEE2BC452A2209CFf05552e622784Bd0fbeaFf,55,55,0
Snowie_drop,0xfc2aBf2E25c0FDf1D4a6aF824E17CC91FFA92C89,52,52,0
sadsissyphus,0xe7fBE65570d5c3B9bdD60Dc01097f3657C40906B,52,121,69
cassiopeiamedusa,0xBe5a545226EBE457C1417489876FeD5fbd2B00aa,50,50,0
EveliaAvila,0x77eb9daB27E4c7EA1fac320fd6Cc5A52652845db,50,50,0
Fun-Literature4569,0x1C7a41f7b24d189662322Cc949a7B214B630365d,47,47,0
GlumDreamer,0x201c321153e600777BaB2b6AE40a409d2DCaf571,47,47,0
Confident-Syllabub60,0x1feD0316fC4556Ef40D419C8b51f0A161540bADF,47,47,0
BissuDeppert,0xcf36bCED4ce948af707F9f8a5d2E95344766d3D9,47,47,0
olihowells,0x562fc5dab9b7ff96282586cF45aFad8EC00c1E4c,44,44,0
dont_forget_canada,0x009af493e9A3a3Ba3DFfBF734E1B2a5B0352dF46,10669,10669,0
Shinryukens,0x23F9E7527F11705646D2C8cBCC1733413e31Fd69,44,44,0
noweezernoworld,0x867Ee8FCaD0e363fc99a78b9dDAE468140a989dA,44,44,0
TripleReward,0x9E7105436F494938814E5a0bd9284C82c52f9766,44,44,0
Aakarsh_K,0x8142a9428a916c64981a4de2c29f4f56978c1644,44,51.9,7.9
lookwhatumademedoo,0xD43F129bbcDa9856389d1e8cB80873ae4b03B307,42,42,0
lostharbor,0xf51C81Aa9eC6D7D335A559782B9a4B4205b2CF59,42,42,0
noob_zarathustra,0x135E704E67D6B6C9Fe69C3a1e2aB1047bF07b700,42,42,0
Exciting-Ad1011,0xabE4D9c31eE7Ec43b8b9CCC3573030245C1A9743,42,42,0
terp_studios,0xA92c2dFb5974c0531A1028Fc2f3acEf615F468aE,39,42,3
DrestinBlack,0x4396aa49c306e555edb2eb39b3a9873bdaee2d79,39,41,2
Ok_Election7896,0x8DfdD8E1f2EA3f70C7a5f0a42903A8239a83d313,118.65,116.65,-2
musthaf3star,0x8a3FD9c9a75934F36dc8D9d220FFfC49De8cFc3e,39,39,0
Slippytoe,0x7021bCC7C13f241CD1Ee0412EA8B6bb8B64D0229,37,37,0
beerdrinker_mavech,0x0ab9cb780BAAbd1aC9b93b31A756E255905106A0,37,37,0
kalle_sol,0xda984F3BdADB67e2bE82a6627988C16B92e476Bd,37,37,0
JGCheema,0x807ECF291DeFe8D3400041394158ed83Ef035bF5,37,37,0
testitestman,0xB07f7C40A8Ad39f44b6B994526fCD45741DeabD9,34,34,0
peppers_,0x32498e61176646Dee8DbC56f642bDa4cAc31AC6a,34,34,0
Pxtxr,0x335c91676A9d59547229C1cD8E5D47F5D72bc591,3773.7,3773.7,0
Dieselpump510,0x49515072a2679E82Ac383B7c57bBD47221ba8116,31,31,0
Top_Performance_732,0x88B8073739F867126C96F392512dDB34EF3A350E,32.55,32.55,0
Correct-Style-9194,0x3EB5b409b2A95B99567C51a04760699a4F291201,31,31,0
0815erMG,0xEd8CD9339898dF96C51106e94abF19455B2605F1,31,31,0
Intelligent_Page2732,0xf9B1a56C5343303b9B942bBce978C44B85C4D249,29,29,0
porkbuffet,0x9E908EfE292817f208E413da6a8cE84B9f3285E3,29,29,0
Maxx3141,0x38E9b314f453789843ED993f8d578d7Df551D269,29,29,0
TortenKonsorten,0xa9d347DF626EB3cE5C0A9f77A4AE3901e0883cf8,29,29,0
ACE415_,0x1Ef3480b426dE435e4928922C2Ee57359E864F47,29,29,0
Pilsner_all_day_long,0x1e45bAbb676972Ed46a68cB073A02E91DD0280B3,26,26,0
suspensor64,0x6Ae1826Df96585F905c0b2141e2a33BA2d6495a4,26,26,0
spartikle,0x7B66E9977F282b917B3F68E0bD729B9790eEc3D3,26,26,0
ToothlessPeter,0x4835cb367307249E927E29F9EE76D36f65765F30,26,26,0
Security_Raven,0xFBddB66A587515789f4bF2bFA5e19FE98e980104,89.25,89.25,0
clean_cut89,0xA7849028c7f37B092BA2CC13365F72A2AF9f0880,26,26,0
BlockChad,0x92A6F288d6a55247a69Df29a8F763958D7d56a7A,26,26,0
picklemonkey,0x15392E3432b6c5bd7eD04C979865442fBB4099aa,24,24,0
CWB2208,0x29631B6fc0ca48993CbFDfBF648dc2442d3A4893,24,24,0
SqrHornet,0x83800BDc4F58a6CBDf156a9F35158E5c6241551e,24,24,0
Cyrus-114,0x72BFACcD795B6E2B340c0B3639410C77F99D60AE,24,19,-5
Upvote_Me_Slag,0x62454F0A83249cE02Bd782FF59fF495785Ce5f75,24,24,0
redditaccount300000,0xfDE300B523A623707531E2Da9ca69A6a0e78BF35,24,24,0
ExplanationLittle,0x7fC4E047CC54159ca51974Fe796da2FC9a10c893,24,24,0
This_Red_Apple,0x0A2C343fc58354848508AB4A4c3AB41dFd39a793,24,24,0
Alanski22,0x810a161B6856c34d4e8c248d5C84EC32e5a07C14,21,21,0
Jackieknows,0xE56D7117eeE8d87F68FFc23bCBF7BcB600718b1B,21,21,0
Nyarlatotep781,0x3601cfEa89c813aDeFB0F623743d0B2a7c5736Bf,244,294,50
wato4000,0x13C5568897E2D35FE084a2a5773b1711532472Ef,21,21,0
geniusboy91,0x9B1d95c93ecd5ec23Bc883fa9899cFDA8e38779A,18,18,0
Dull-Wear-3286,0x918AA4737037E1cD1B686F71b161794029F18329,18,18,0
SwissPlebs,0x13380D4F424df4d624D31376d1f2F08E1a06f2Cb,18,18,0
DarkestTimelineJeff,0xa15499E085B440b04d790cbE24e03597E3717F3A,18,18,0
Practical-Store9603,0x57b0c5f3Db43E439c1b805e8B4Ac80A20D051619,18,18,0
maharajgss,0xd4E9690805ddA690907Bcf094b8AC96db0f358C8,18,18,0
steamyp,0x268d91CAA7B25eC0Fe3D84bca24d5230a6aAF1d1,18,18,0
BuuWrath,0x5C1e162A51BB53edf717B6e3c7Ab0c6c4BdEEB80,18,18,0
fulento42,0xa1523c475292067C102C6D5C68c4c194B8f264C2,18,18,0
HolyQuackamoli,0x4831EFc0DCBF15B4F636CD4b45AD2AFC9756aace,16,16,0
KimNeiAssnKluusMiet,0x7a8d356f88fc2d36F3601e26EA63f9414ef74a09,16,16,0
leotardodicabrio,0x94e617860F625b62a368073b30C7905E8665903E,16,16,0
abeecrombie,0x1056d9f262E7b3d219e1f939447B349bA0a94B1C,16,16,0
PumpkinSpice2Nice,0xD0FAee7D6405e0F620907B3381E8F56627E2FcfA,16,16,0
htapoicos_latot,0xBaD3DE7bdb10e5c3A1B153cB726a8A3579a429D1,16,16,0
Nikolai_Volkoff88,0x8AAfb3b4d83B91035066C671720172B492581C88,16,16,0
Positive-Gazelle2603,0xE3fE5E1F139eDd94a4B6B1E46a256Db093FD4717,16,16,0
ghochumal,0xaFd2141A0DE3CE28d4E47ba0E7E94b1f8df02e52,16,16,0
Durvag,0x271a79fce2724cf9c8ed679da513ea052a3df326,16,16,0
OsChMoScH,0xee5d874557bd88397EE1Cb7E0D950908E4F87111,16,16,0
ChemicalAnybody6229,0xC8CCAf6A7276381d4103aA5aD1816C0fe8C9848f,16,16,0
ChampionshipLow8541,0x40DEb66b34B83643DD5cDF1344e4d85FB364e930,16,16,0
T2LV,0xaa62d6D531309F029A62cDa5F5d25Af46AAfF42A,16,16,0
pithilyStock,0x234C9572CA2F7DB83B9131644fEe7081767958bA,13,13,0
tetra417,0xffD04D6355bdD726237500d0bAE25329Fa653B67,13,13,0
spacsandspacs,0xE0ae9458499f5F44F561b5DA6D0cd3355F9CE2Bf,13.65,13.65,0
Kraehenhuette,0x1017b868C883C72271916D7B59E8d11172F02230,13,13,0
leviathynx,0x8843763575bcc72cafd54314ffbd64d7b0463e1a,13,13,0
purzeldiplumms,0x7BF6F80504D7E6C29BD24FE42BCE525fA6785CAd,13,13,0
SignificantProduce48,0xa1094064319739186DDA4Edc682C97583A86ab8c,13,13,0
Most_Being_4002,0x687B1FB763b9956500F18c5611D29eFC7B9c163A,13,13,0
NoProfessional232,0xC5804d586dA0779EbEbD3FA202Ffa53d8B09E9b0,13,13,0
Xeritos,0x1348C0c2E2836E40234fF13dB5483D796827c1A4,13,13,0
R_Boa,0xFe9019B6Eb704021ea32F5331e74461ef0b8D744,13,13,0
Samir2298,0x54C334fa1A5BC243874eB6f7573E2e6e4e305Df0,2461,2458,-3
Well_thatwas_random,0x2bBd3A244cDBf04804362c99990714E740AE1d88,13,13,0
Roy1984,0x0cC7dAE1748e8E5371b2e2b47a5D9446E1D46546,13,13,0
OctoBitcoin,0xF5d1FBa5bF54c0Cc45DA853D66e91B25446d389f,10,10,0
twicrates,0x244645E206B96450cCc50119aa86af9778eAc3b3,10,10,0
mrjune2040,0xa433d3e9B1390e5691Ace268484b8Ac23120Fad4,10,10,0
hwaite,0x19dCB05BDc5226eEa5d908Db0DfC94E3bd755b50,10,10,0
Negative-Structure51,0xEeD61A99606b5F433d3E842Ca08Ffdc8825b2cDb,10,10,0
nobelcause,0x57855ca297ECB91EF1BE3CE1e74B9492CF50C69C,10,10,0
CacahuateCR,0x4e2e6928272f1e9fDD6Af03C2Db365BAE93bb974,10,10,0
rundown03,0x430006f4127ee2f4edb269D6a01BA1eDBdF237C3,10,10,0
CageMyElephant,0x4720E5c36A4Ce247387bDbDE386D68cEC22261dA,10,10,0
TwoCapybarasInACoat,0xA932e37cf8184c555Adb784b0E758A4551e927A6,10,10,0
rafakata,0xd8E492Ede29fb17f9910AD12054047A4C5af9D15,10,10,0
aastha55,0x6A0c60CC0ad28c895Aae6b23D19a38047B1a17B7,10,10,0
evil_betty_,0x1A86440fD49a1e85C46c66ba64C46b98b0e3b6Ab,10,11,1
Soaring_Eagle590,0x35162A2ed27a8E2dC96471AB6Fb63e0Fd5058d46,8.4,8.4,0
dericecourcy,0x4275bda9709E948FeC49C793fdb13D4a5788d9af,8,8,0
Stalslagga,0x4d25819e9de2a2eeeddca953d1ef0182680a7054,8,8,0
chillinewman,0xC9BEd71F2F1760002864E7ecCAA8C3f36fFc4745,8,8,0
na7oul,0x53D0F1e389548BF97A5c7Dd5715b2bDA7A2E83FE,8,8,0
EveryDayDoggo,0xF63Ee7B2FB86Bed61C9912ffACf59Bf16eB068f8,8,8,0
CaregiverStandard427,0x87C56517c9F7F46390772a93EBe0f1769E2B632f,8,8,0
torontoglutton,0xA25b4F46aD56652Adb5761FEB0cccCb960F0B044,8,8,0
Snoo_92843,0x65Fbaa1F5c7Cc72d3166843465109Bc7df7a2597,8,8,0
FilthyPete0815,0x2Ba5F91fa27987c9Ab444Ae7a0C4773c1201F50C,8,8,0
deedopete,0x18cE3B3B9A95Be4ec36D5594E2b6611D8DA3253B,8,8,0
deckartcain,0xA4d537811A3DB27d92502E8FC62CbeB2DF7D9BAF,8,8,0
ch00nz,0x93019cbFcA8BD03cB12C486534f46c40e4974cf7,8,8,0
InevitableComplex895,0xe1C712Df934f18486A7605D80ca0B310340A4E52,8.4,0.40000000000000036,-8
stupidcupid112,0xb6FCF4e050c9487A4dbe1851B178D416449f2a94,8,8,0
Mysterious_massage,0x1678287d70339e477023E9C0d3f8b2ff966fc3ad,8.4,8.4,0
mimsoo777,0x0F178370Bd5F68003C107527143C3a082134F966,8,8,0
tiger1647,0xBe8b633F3a1DbA75114fd739da8B873e9fD74cFF,8,8,0
420weedscopes,0x4d22f2d09f9E49B014E3a1AFC4f903a25a8c17FD,8,8,0
KunibertQuack,0x1aF1c404668F609C6D811de9E4137eF01c0a7905,8,8,0
JoeYo743,0xD793a39aA284C179418Eff321156eAc0A1a10330,8,8,0
Cyber-Cafe,0xdB950096F33FE54759a2C62471D7Ce26e6316009,8,8,0
wartywarth0g,0x7bB9a8e1f52bd7CE7B18d4CDE6f8c5F10fd0E729,8,8,0
JVHooligan,0x45b74f08d50f042c1ea2fc9c525b4e57e2ed63a6,8,8,0
fifaLaRevolucion,0xcc7Abe32B7A86cF0074d5E1BD197a90199D1b51b,8,8,0
billyromaine,0xC856f02305eF7319c26AbeC5EfC81ca335a944ae,8,8,0
kaprrisch,0x158f09449Ed07A358f91AF826e5cFcFb19D000E3,8,8,0
jersey-city-park,0xdcF7d587E6E96Fb58ed9Ff46bb040f73040Cbc6A,8,8,0
Mtballer09,0x7d42f7CeB9D64B753D08b61fAc8478F53b16ee82,8,8,0
breathe345,0x497e3c7983a33023ecbd61b1611faaf811cdbb86,8,9,1
UnknownEssence,0x00Bff92173571Afc918406D02362969DF905f868,8,8,0
dodospaaanu,0xFcb8Ea081686D130183B424D45d30Ee6D87A91e2,8,8,0
djlaqua91,0x01db9CccdA57fa1e66D3Bf4b584807f002EB12B3,8,8,0
ChunkyFunkyGoodness,0xCED820aaAf464056D597b36BF3DbeCF83BB4Ba57,5,11.9,6.9
fairysquirt,0xB127e23bf80e0D8688D994c1a093e3657856A040,5,5,0
Yoldark,0x1542cBd59A301e8b8bceD150c752e5a49D196F04,5,5,0
Styl_Ianos_,0xa5d6fe590d153696a64cf10bc18CB3101e83b15B,5,5,0
forstyy,0x89D4B57fB8636fF40C94Ec407D7Cc6080D6157cE,5,5,0
h14n2,0x3aCb633dFf326C682f04040A1C370a21436B00c2,5,5,0
hellosamaira,0x8260F3783Ea27999D37c2629A57CD4707db4b3F9,5,5,0
Repulsive-Minimum-20,0x8B5c9e7E289968B5e8C7Cbb4B0ed21Eb14eA8c9B,5,5,0
lordofming-rises,0x92614001b078d7c315A7956Bb1b66963c4e6a434,5,5,0
lunahighwind,0xd4ca47D9f9407cFc4a9f83c30B55383f8645B717,5,5,0
m00nk3y,0x69fF9E437A094ff91d5c6524de4FF35938904Df3,5,5,0
xMrDeex,0x17282526a7Dc17942a2958A6f42092508A56bC5C,5,5,0
ominous_anenome,0xFC9d2b61E2F29805232D4a6512dE853b2A00381b,5,5,0
Sendmedoge,0x3F185d145bB5f4a69307d16b88e6d99AAE7107Fb,5,5,0
Jenn2895,0x35ACD062dac967F50aB7e19Caa1dD529096040C5,5,5,0
ElCorbusier,0x1b47234f4946efc1ab4ad798b960cbc3186ebebc,5,5,0
strongkhal,0x6D083f836B5DF32E73d000b002CF5Fd47DCffD1F,5,5,0
HadynGabriel,0x1b52e4d8E3a2Dc27EF5a0A5Ae5Fd673F7f4BE558,5,5,0
chipxsimon,0xF267f0A506bc539990947352C950fC8b12F245e3,5,5,0
JAlbert653,0x4dec828D25D4dd8F46c12aabA629DdB9bfBf03bF,5,5,0
bigstew6,0xb90Cb3ce84Ddc11B01e37fe01C1eA750797CEb4D,5,5,0
GapingFartLocker,0x13CA39C566ACf798c49e481b9960E35dD9860DA9,5,5,0
FirstBlastThenAsk,0xC310a7c21E871E9ccA7aEBc78DAC096FDe528B79,5,5,0
TrashJonny,0xdeBFfC0A510D8630aCDD83411Fde31eed8Cf5d3D,5,5,0
Embarrassed_Chef_393,0x3b58E0f42F151ef3e91AE618598b63607B7FEA1E,5,5,0
J-96788-EU,0x2AAB3E4A213052C648A6331d28d5e0F3abD6C167,5,5,0
DrXaos,0xB1d5bBe4734f9Eb4F20632f75385D882Ac540971,5,5,0
No_Engineering18881,0x299aC17cD17b3327577d9D84468c79D99ea0FA0a,5,5,0
krimmelnnd,0x41D5B7bb9322fb8236Ac0F21040c97Cc3bb7d629,3,3,0
justcamefromcaves,0xF8Df284e6c37090dc81f01E261Dc553c07b60520,3,3,0
Basoosh,0x80148c5d2b61182107f43FAE67f8F2ec4b5dbcDE,10702,10702,0
mellon98,0x122ec44c3fC85d3F1dDd72d5FE940B7d61534465,3,3,0
spaceleafxyz,0xC38Ab09e69d6c4Af2De8091CcdaCbeD86321a89F,3,3,0
royalewcheeze,0x2f02c225e1B901F76d7094b7838EfF474687202c,3,3,0
Xenc,0xC1D48CEcff8Ea376C41C34f11d87923CA4c5dB80,3,3,0
kishorexk,0xCC3196a78Caa28E0b11C4e369B2a9C619D96D749,3,3,0
markhealey,0x5c9E52488a152980cBb5852Be862a96CbeC16130,3,3,0
knightnemo8,0xA621C9c0F67544177cFE95Eca444FA133502F454,3,3,0
specific_tumbleweed,0x138aF5DA1A3D76DFAfd6EA53CBded4e139c030Fd,3,3,0
ALiteralHamSandwich,0x5f9D94CC0071aCaF471Ec711143085E0DCdf453a,3,3,0
squiblib,0x488319E6A3da563A9febD3a75B2b57e298Bca9d9,3,3,0
Aguaskeepartdeux,0x8F8E6bb6D20fB56a6988F91E60cf8b5437CC052f,3,3,0
MrMogz,0xDe9E785abB930c5cCA3a5625c51e5dE843d391f4,3,3,0
ateeqanwer,0xf1FC50365fD60B8b8d88f0f58807F3d4801D4311,3,3,0
Savi321,0x7eA45e32a4F75F79615e1C77fA017F2ac4fE66AB,3,3,0
BenadrylTumblercatch,0x424353B7940F481192AD5704d49B9E4C87661F3A,3,3,0
angyts,0x27B04C7bB686d36f69D9A0bc83F50db316337748,3,3,0
mintycrypto,0x95bd67128bF0799f5CC6db5eDC0378033B5a7300,3,3,0
Actual_Salary_3440,0xaA5c20117eE13bc40D0AbA346cA8BB4F635f7c97,3,3,0
Mettez,0xBA65ac6123bF2970F629C8417d4498fE119Ff33a,3,3,0
split41,0x54f38f4E33e47BD13e7A0F46Ed7AfAD61A40BFc1,3,3,0
Designer_Restaurant1,0xdB087803d4FE231478755E10F86BF26065C0c018,3,3,0
DLHEBT,0x7d099273bdb0A3D9642b4caE634bFD43f2E4f800,3,3,0
Berodur,0xeDfAd4FfF33efbb972ccb7bD5823d8695373C059,3,3,0
Tomatomancoming,0xC0d68A67D8063a347d9C18Dae5cE139093f9757E,3,3,0
ObductMePlease,0xbb6bDd345943830554817a789D69DF9E24f6cD2b,3,3,0
Nutcase420,0x184f2f2cbB7F9F3D07b0dF10a937055Fd2dFa4F8,3,3,0
dtol2020,0x3D8050cBC1e52016C2f09FaFC1E0a7C98C71268D,654,660.9,6.9
tobetobii,0x00b2c3329Bc3209C24774c83A1da9474105E97B0,3,3,0
sidmehra1992,0x8b8b367466CAD36cbbD3dde46682927371dFF630,3,3,0
dont_hate_scienceguy,0x453646b0AD86697F3bfbE61F086F10FBf9954c72,3,3,0
Parush9,0x4002cF92BC9cd5a835bDb61ff3068C4363DA2f50,3,3,0
ECore,0x0748e47BF9f34893B6963a1E333E64b0e7Ddc38F,3,3,0
CanonF1_2,0xF5D24b062eb80A4Ea2D98534740584841D43e813,3,3,0
PsieSyrenki,0x839E8aD6a74598765424cBd728FBDc527D68Dc86,3,3,0
CarsasmNycism,0xB37e6049b032ae3bf7fA97c4200fD8e7928dFc04,3,3,0
Film54,0xFB4398669b66AEA13DF763F765A412611b73e933,3,3,0
cryoK,0x719b1A87cA7C09b633D710468f7ebC7e28Ab41E0,3,3,0
BigDeezerrr,0x9eA0b418E2ece314C96AdA4353999601902DE6C1,3,3,0
C1t1zen_Erased,0x396E4bF204c736030BC92f0f1004df047106003b,3,3,0
sufkas,0x54698F254129B5F8499383765ea697D1a865060e,3,3,0
salty-bois,0xC29236dA2212f7589115a53FabcDeB1bfA03ddFE,3,3,0
alittlesomethingno,0x5af8d51b7b809e661c516080d020c4d98a993c64,-36,-36,0
SharkOwO,0x85F3E5b880Bcb4149673aAf6B92e32179a45b9f1,-37,-37,0
cryptbunks,0x8939F06ef2b75B5082767Ca6b0dAa2C0Fc1A82eE,630,639.14,9.14
hquer,0x432B25711BEC4429D7F8FE64eDB6fD13741203Ba,-63,-63,0
thecryptos,0xe77D2793F6B75A92BF25F797056Fc4693C1bE2d6,46,46,0
pc1e0,0x3741703f6DB21aC013D009fafE64c85b717b1b37,85,87,2
Wrench555,0x0e714307427c11Ec4Cd578edA393Af4C77fE4d07,183,185,2
Smokyish,0x5921A3Fa05B3e55615eB4F9d7d5634Ab8c39C5Ae,-125,-125,0
JETTTZOR,0x401cD2a6590a19E9860281A3157b0B5E76dE1dc2,655,655,0
stedgyson,0xe2dAf0e33492720d5Fc29749CDfbEe46b46B27cc,-172,-172,0
ethereum88,0x191692F362fC815F39ED894926cFd5E672e35B3E,1368.15,1368.15,0
Clash_onthe_Can,0xC16d1Bb0103B0c351Dc58e1EFaC5b64D785FEeb0,-79,-79,0
Laterxgater,0xB3731B4814DEC9893491822720224E710ad387FB,-188,-188,0
YourB0ss,0xd3bfa3bf32b1eaa3f46b1f6d499db724b33cd8ab,-213,-213,0
bzzking,0x7C48CF841a4cd5754127148fB9B20580Fc51eBeb,1116.15,1124.15,8
g0rnex,0x39E5E7E8cf7c1917814446815783e77cbda8d2c7,-234,-234,0
diarpiiiii,0x0497c1f8C4b2A6acEC4E8b618e6D84F5aE11C847,-103,-103,0
pixieshit,0x93894a9Af521c9383517aae8cE71416cC9e1B620,-245,-245,0
proandromeda,0xe27dBdcE3A2b92AA0af59608c3B5856A0C520B9b,1994,1994,0
Good_Extension_9642,0xe64A9075826531d09931dD58D2D3cA8B94F8B49a,-164,-164,0
Crypto_Gaming_,0x58edD08A8f51ceA4c0faF176c71ab8C7c40ba1bc,-259.35,-259.35,0
Americanstandard,0x5a3572651Fad2c3f24A9b06516E6E41AB8C2577B,109,109,0
HAIKUuu,0x9224bbB4E0fBE2f2f8fab55DEbC41Eb21fDfB804,-41,-41,0
SuperbCantaloupe1929,0x33493c3DB1F4Fa1061C0199ab81111236375F74b,368.55,383.55,15
abcoathup,0x13ebd3443fa5575F0Eb173e323D8419F7452CfB1,2056,2056,0
im_just_kidding_bruh,0x38656ED26e0cd8516DD2d541ac75b9b86C070233,-265,-265,0
PeacockMamba,0x81c257f559196aE212776c47044dd082858A11DA,-396,-392.78,3.22
Technical-Track2663,0x4b18F1d9D983e20eF5D4E4fADFABE365cFd239A4,-674,-674,0
ImperialSoldiers,0x6d4f2307F269e180f0F558217f729730795d2C8B,-937,-935,2
nootropicat,0x52727E01d666BeF35cEF630E14E096CA873d2783,10625,10625,0
MrDexterX,0x7de382c3B3eFb99bEbC340a59851F195b015cAB9,3357.9,3357.9,0
Agent_4--7,0x37DCB9A9C7e39BA3FdC3e57721aDb08Ed1302335,934.5,934.5,0
DinoCoiner,0x291CE6dD136720bbA117b49D849a826e93E9e95c,566,566,0
Apart_Ad2669,0xcB2ab92860Fa958013eb16bfD6905eC17e86B3cC,387,387,0
The_Nutcrack,0x0B3AB5A8d926d07275291c074225f258d00B4F08,297,297,0
Traveler-0854,0x73088018f447933454F2b5456f7aEFE3B8b0F799,153,153,0