username,address
carlslarson,0x95D9bED31423eb7d5B68511E0352Eae39a3CDD20
Mr_Yukon_C,0xd85e219f9441525ba6403e8153d590ec66161bd3
dont_forget_canada,0x009af493e9A3a3Ba3DFfBF734E1B2a5B0352dF46
aminok,0xbEA18A39a1cEe253705eB5e966fe23F26dD109eF
heliumcraft,0x1c91d199249bca544295b6f814604b9fc28aeb41
nbr1bonehead,0x8Cbe06fAD615aC28659aa282Fe73Bed9f45b0cC3
twigwam,0x0f90F5d928Ca3d383D13259692706e1aceE931bD
towjamb,0x6AA08E1E39958055836F31906C6ff8c072e8C0F3
krokodilmannchen,0x2835E7B3d3ae58e57E7f65ddAa08b5EDF21dad68
nootropicat,0x52727E01d666BeF35cEF630E14E096CA873d2783
ruvalm,0xA01AF5C64d5661B960f5A1B204Fe4aF4b63c6A4c
oldskool47,0x730A2995814d1EecE46a7b71c1cfd1E46554247c
ev1501,0xD4f718c4CB3969AaaA9790ade3d1cF7dbB3Fc3C0
WeLiveInaBubble,0x58f8D61405716095759D7167445428314BBC1Ad8
Basoosh,0x80148c5d2b61182107f43FAE67f8F2ec4b5dbcDE
Nooku,0x7094Cc126fe9792734474134d8cC50715281f831
econoar,0xc3036e205bde25eb25f2aa89a4f69333a7e795d3
psswrd12345,0x2ca7F11055C919748F10b1991B6Ba6D4CC58d3f3
pegcity,0xB2FF35A8457B74bbBE8BBB703c9d10f5E554506B
BakedEnt,0x53f47266CB0677F8d0D28Cf4e6A4C714182787aE
CoinedPrince,0x22209c193e5F41A0f1A455F098AeE2896C70AD67
Ethical-trade,0xDE05392bee041D8726603c73d6dA79156a70EB1D
hblask,0xA7d03101A0024a6Ce3D094076535b15C0915E23d
LamboshiNakaghini,0xf689d779d9108FAa0Ba447399Fb2477687923278
eddavisDFS,0x9BFF5a9aCb2dB67751ec7256Cc47AA4Da11496DD
DeliciousPayday,0xD8DC1dd9e2399c958Be576181f69d7563fdef7f7
slay_the_beast,0x942242BD77A92EEcc8BF8216e49ED8EF7f4817DF
peppers_,0x32498e61176646Dee8DbC56f642bDa4cAc31AC6a
MusaTheRedGuard,0xC0a1d8F433A18fAFf28e13299F12EaB0A440D731
singlestateserenity,0x57078b62b560c63171724644042b0f6d69e29805
aItalianStallion,0x9B22c58ABAE0AcB8A64754710240294369A7E79A
scientic,0xf1A7b8b3d6A69C30883b2a3fB023593d9bB4C81E
Davejoy117,0x71f35825a3B1528859dFa1A64b24242BC0d12990
bitchstolemykodo,0x51c669fE0b9534666e7A5ac9956B87dfB1e0C6b6
Stalslagga,0x4D25819e9De2A2EEEdDca953D1eF0182680a7054
NefariousNaz,0xAA39937AD52e1925c02D4D13EfD0A04AD260b0f5
FuckFaceGG,0x1Aa7ea3d40e11127fa2CdaF19C1f89c82F2481aD
Peng_Fei,0x0BF3cC27C1C2c8Cb0e44D79c53C8fD6CFf1aFD30
Beraed,0xc0672e4071e657cccd0f9246a0de7acf9a58eb55
reterical,0x6Bd438e9D46ebedcD0d7D91F214d9247507d5B75
Mrs_Willy,0xbAE0c58A59f8353Eb8f5aA598fa11E5976597e95
dont_hate_scienceguy,0x453646b0AD86697F3bfbE61F086F10FBf9954c72
PlayThatFunkyMusic69,0x187B91a5D624F35cB5C33630217f474679b0F3EF
etherbie,0xad92067f9f310d8f9e2840dba41e95a556446ee1
EvanVanNess,0x4705E73222Da0d681cFa69C45A7B3406F3cf9C51
gentrify81,0xba353b47529cb19a0d685c92d1b2794085e5a439
SpacePirateM,0x6FD35d2221F673DeEE6aa332E643FB63671da072
jonesyjonesy,0x2F4CDf95E63F6caf23B07dF02ae192E7203dB3E4
khalo_,0x1a201469d96f7d443e71ee3997efdd6f2ed33f50
crypto_kaos,0xcf2Ca1d6614A8dFA213d42e19d5F38dE5577b80c
ThePlague,0x178A2BE8d9fa597cf4D848A9De04E86faEE077a8
whuttheeperson,0xb91357fc01ad815ccb265499d097a473159e7cc5
OffMyPorch,0xC5c60f47F3Cb3A335474EEb69009d611C040B7A6
ec265,0x599D2C30fB3e070B8d16248541d46906ae48C86d
r00tus3r,0x5ea617FeD16185736C42D3f572c536905fC6ef28
gand_ji,0xf54EFEc05Ad469D7836980BB0aE2f22712E32D16
Norisz666,0x5C31A6bAa7CE0A2f7b9388A9b89283C8bC12D0eB
Stobie,0xC3a20A2fB5A02A588f09aD94f55e395040F667C0
Wendys_4_Tendies,0x253584543d8273444de5a029b5a56d083958190a
cryptouk,0x35cDde4c97A2e6d62aD3dD8866cFc2289e03CcaC
skythe4,0xcdc8BA9815C76e838a759E932F57bf6F990a6e71
John_Pratt,0xb9A65fA1E200D2582100b4c9bF8c36280E14F23a
thepaypay,0x83f6fe95067E24AF601b1B822430c72C0098d208
diggsta,0x0C4928Dca13421Ae514198DB6a471C887C78f9eC
BitEther,0x4444412B1e47DA53065D015931ba4f54b212A55c
superphiz,0x5fd58ec55e8c586fac282f1142a098313773d11b
mattnumber,0x2191D8ae37504Fe84A644F70A6a13871918b99B8
Always_Question,0xD159a70c987f7200637E197714826B2160F3c5D1
coolrunnings190,0xD5Ec13a3145d15067D76c269D179212807176239
squarov,0x653f0dc203065a206550b83ae258e8d2150d93ad
outbackdude,0x42018e0CA8Ad99F76263EAf76C01f33581028F62
SirHaxington,0xf687c777f92e62b1aa9159972b074adb59ae96d2
soupdizzle1,0x92d50866646e4d59c1a46a4b80ca76279f7c85a5
Eth_Man,0x0e066ED845a6853557A0d580b3BA998b0283ACA8
red_jalapeno,0x4A4e7d2df354aa7ee8B96949e4AA6Fc020738E67
lawfultots,0xa6b3645a3e459bf9d8Ff1eF7043230749f862e35
plaenar,0xB43d1e39FF70FF78924aCbc0725618Da854a3a36
drogean2,0x0062fb72d128699a70afdad4b7bafb2cde128913
juxtaposezen,0x832E460b37b2964d016B7c0674032929fE0AF7d0
alicenekocat,0x5f3CF2Be0c4df420d2f9aa1a7DB1b27a74f5e5Cf
litpath,0x580de5ae2b029198A282e146c8612811eC600522
tomato_spaghetti,0x529642139d6520a17e7961400e7273d525259086
shakedog,0x6257AE55d3BeF55da22D88aaDdc6A4455bFd0F23
seblt,0x4af973f9c9a8404f43980362ed0096ff521845ef
jdbender66,0xdf9b0d723776972c5cae27fdb4f3ea827a5cf283
Heringsalat100,0x652e7a3ca7121D2348Fd65b200d0B2Cf11CA3A15
Michael_of_Judah,0x84CDE162cd6106Af1F7870CB2b7b777FD416096C
flygoing,0xEC3281124d4c2FCA8A88e3076C1E7749CfEcb7F2
Frater_Petrichor,0xc781591953b5d870cf71ea9ff29f2c985531135e
Etereve,0xD1Ccca84d35d1a30676aD544659f023d922408b9
argbarman2,0xCd85346A0913CCE237123B634C48853220Ed1363
shammyfeen,0x2f309e6841d19fc5c8b179367f8f09c789bf043b
Tom_The_Moose,0xeED50fAD2c120513E4fCB45787ea57CCf6ed1A1D
oaxaca_locker,0x811c29a1222b53b32b31545e1a5acbbe8cda8ad7
_Mido,0xf2277f228b41a919cd7e7eb804f1b3d2e4656c1a
Jimyxx,0x9B2bB2F10DbAaAb7CE288179f0534e118508DAd4
trancephorm,0x062d3A310386c91b51Ab0EEb3A3eDBa5028DEaC1
OrangeLambo,0xBE4c88AB98da7B4Ff787608Cb25F3BbEb087ef43
IYIyTh,0x1FFaF6CfF891e92d726a9a388bAcB36285548576
Pandora_Key,0xB5e3F5A03308Cac8D0b47E42356C235934Ff9021
kromatikus,0x0a8c854345d126c1fd90720f8d60630ec0e273a2
EtherMyFirstLove,0x4023AFe6889aA3721E16Ad4E53fFC9BBCAdaf517
labrav,0xc10fcdcd22482a9b864f7e2835da3cf642cf1adf
ParticlMaximalist,0x901b76ba9eb6335916415ff744044821aa738939
zerobass,0x14fF12cb97bd45e2827B1C27F49519De52E9d679
Buying100K,0xf10BCE3F0Dc07A17ed64107dF5d9575Fb5fcDb0F
mycryptotradeaccount,0xBf8dC5B041E8E5ba08685F99441A100A0aA51bDf
amoebanomaly,0xcF839C72fff8D0FC64B7dDA2F532dC58146cFb16
-AndyDufresne-,0x3579D9aebd730C2a6291104ba04B3e3BddbAdD87
PurpleHamster,0x0996824F6dAf10Fa0199a8049D96A3157008d46f
jdero,0x16D1AC6Cee17477920a5A50283F83f73030034dD
ethlongmusk,0x4010fe95ce280b29aea7738628cf81ae9ae5d4f6
Jackieknows,0xE56D7117eeE8d87F68FFc23bCBF7BcB600718b1B
JoeyUrgz,0xf28ac8190922f8c77c080db096b61f803e010f88
eviljordan,0xD4e01f608982FF53022E8C3fF43E145A192a9c4a
Sohka_Toa,0x69d2b35d33b9db5285aa45bff0797b049c4a91e9
7878ayush,0xd56df3ee425c2127e45072934588c2447afdb8ee
PhiStr90,0x388bc2e56c47ba63ac4990379e92fb3dcabfa9ca
ZNTTSKN,0x3906842e00abf96cc58300bec49124e6a36a46db
datawarrior123,0xF204ea7af56F5C3F0B8316d188708D7123D67c67
PeanutPedro,0x93c990Ad10bd6E41FE25571375da94F9112c7dB2
lazyj2020,0xf3D9a9387F505ed44174268185092cfDD4D3CC31
foyamoon,0xD274804d211da7B60d45B5F7e99FBc7BC4F72bCB
nouhi,0x2575E9ba21Db0E4FCf012a38eB91423C28Bb846D
stotomusic,0x491f197c4b5c57bf3fd6f64b985447a5fc9af13b
MidnightOnMars,0xfbaa4b78cb2f8d138b30cd4197eaa4e98485b3aa
General_Illus,0x256C304BB7d0a80Ab24591f55d7FEDe40242dDc4
Pfahlpunkt,0x99e67DE00a176853d3eb1DBd24953dA12FA1CfC9
gynoplasty,0x1b7df0Efb5B552a3f87E85710E4580C84355991A
ThatOfficeMaxGuy,0x9F5dA30a3f612d160E303deD1E6A18a6d3fEE4ee
e3ee3,0xE4e3F09459166bE1044926370e2dd44b926CfA96
redbullatwork,0x60Ce43490fe4375e023abC8F80D4F6e58B0F692A
Streetride,0x3aD4217EE8203ada266e0FbABFBcC8cEe751Aac3
Ignatius_G_Reilly,0x3ae00b09f88134ca36cf1321db5a5aba30ec4e12
Heisenberg044,0x2525703d6FB1B6D65934550e3b6107Ee888faE65
Legendslayr,0x8fD30d792D7BFb8955D7CfBfA1cCc878b04a39ec
playingethereum,0xacf39bffd1af3f7b0aa85a83ef497d64e614e47c
ral_miramar,0x518Bf83A3Dfb6f0Fde87a6B6a6e91a88277af1CA
Mindreactions,0x1c05e91ac28580938112d48963f1c991e243f441
HamAndEggs97,0x8b66b08ad8c2e9e7177751302edcfe7892726d38
ngin-x,0x0bcAF5A735a42CF11cb406621884BB02098a2F5c
Sargos,0xaCf4C2950107eF9b1C37faA1F9a866C8F0da88b9
TheTT,0xff1c08081456d375ffc637e59fbe72fe4cd7c1be
GaiaPariah,0xD2a3F28cD3f3825567e53773C341688E6afa12EC
vegasluna,0x19b9289b3429e2155D833E2EDBf0Df6CB3fA2fa6
gryphon999555,0x0A5FFc450A0281f223C16494AA0073b226497FA1
Wishmaster90,0x428ea8ac17a3f9c69c3e1573e224ab50968f2d6d
okrim_cro,0x1C436BAc13260249d3dB55CcfC7A1630e62e2EEE
bitcoinsky,0x480643103b8cf1D3eBAe96dA922e3ce79F5A8E72
GrilledCheezzy,0x5A825C64df9DEe1E35Fe9041CA8D69509414C4a7
kevinstonge,0x5e2aca43bc1b09deab0d4f04c615228d548e5df9
kadauserer,0xd83a2b99116ce02ab7881a281d9ec1f1e6ac1314
MemeyCurmudgeon,0x7f25555A0C85B53Cb8934960D0e4ae2DF65CeCaB
_lotuseater,0xb911cb8108f6e42acf9d3461d07f1246fbb5abc9
gou-ranga,0xedc13b0e6112a47e140f703ebf95a1f6f4ce9197
alexiskef,0x122beca7bac5133da184fde2a16b53287d20a4a7
readreed,0x06ab7b6155f5fe588d02aa18fcf8d6fa11e71b2b
trogdortb001,0x48dbB9B7B562ACf3c38E53deAfF4686e24c3D85D
ymids,0x6aad05bbcf4468382be71e2adb751c3ba227a553
BlazedAndConfused,0x6CfB6f1c8E4285808a25FCCf3ecD8cb95c38bb72
Speedy1050,0xA6B68540FBadA96c4C4dD3486D6E5d1E90747C96
hodlerd,0xf7726fb7d19816c235afccad0152803b51dfc57d
MaconBacon01,0xC05cFB4fa62BB3C9dF7Ac65fE77d28345aFa3485
baptiiste,0x825441a867c6d0800d452750397727d945e1c97c
j4c0p,0x341958328A1AAb4D8850315973177621c4468026
turpajouhipukki,0xEe5D859def95fDcf30d488972A5385763AD4Cd40
DexVitality,0xa9207275ea210d4ccd1fd22181a667f4e12881ac
Gekonn,0x3592283E6b611f323DB089b82946F6DF2d1948ED
atLeastAverage,0x545e07e19e0e00d84b2f2c340eb4d3ba781d91e1
econoDoge,0xD2468b070e27138525ae347410A5cFFcEDc3d0E7
marianna_trench,0x6921d877a498e0c2c5061912d316ac909462345e
smoil,0x1af5cE3cbae7446B8b446C0c3Df07d36797A7F5a
Frescalal,0xae73a4d60fa195e25d57ab54078c84fccf36ba9d
cavkie,0x296C67655be45C491e1fb9De61e611166BfdfCB8
DannyDesert,0x601c6D9efF76Ae8cd7bFF5fC4900f20F6F80734F
BoyScout22,0xe8657d11eE168e7Bea98552132E4CEeD798C6a00
bbroad25,0x314C7C4086cbbF25055bE7Af2Fe8375A1A40Befe
eeksskee,0x2CCebdeFa223D60d93082da77CA484C1d0D0e7c3
flowcrypt,0x0FA3E67A4E451573AC68173FE85Df69F9b357cef
weinercousin,0x7fb4eb9b98f7dB71224296DaF221d27fDD7877F9
Childsp,0x90f07edab54c9e1982c60415e230c09c6ff8f054
MoMoNosquito,0x2010C82071372b9c4c8d0F37abf3D48Ed832AC4d
forthesoviets,0x25681370d5a59aa93dc67d9dc6fbd6634a171b89
Mkkoll,0xA72511883e1d69B63eC7C744dCA756A7A698D0Ae
cantreadcantspell,0xc568258DD7B18033122FD3783A1906C9c29dECcd
AbesGame,0x04a88ccfae88a07eac0d51cfc3384ffff4a096bb
iambabyjesus90,0xF33DA141a1612Dc60B6C52c08e57e9Ed9E8c5f7b
SpaceLordMothaFucka,0xd8ff437a25b92cd42b3ed48871efade709dbebe8
Robin_Hood_Jr,0x0048d6225D1F3eA4385627eFDC5B4709Cab4A21c
joekercom,0x0c386D32c3FDb63ac74454c823eDee71E824A2E6
CarrionCall,0x8be85a5083817cc2a276e661997f10a39c8d9e55
ckd001,0x12c2d006F5471bbd71a694d14a47aCC326BA3037
LegitosaurusRex,0x06aacd2df3300bb50042a21969af89d7f45c3084
MarkoeZ,0x66B44a1dfdE63BB71731d838D93bcB5500408245
koottravel,0x60555419A950c2D1DE8D73234197EFcDcFbd83B2
fightingpillow,0x35920103Fd9dD01500Ac0bB25F68415c23dbF585
TheReferee_101,0xdf88cbe8791ba25052c10528b86329d04d963f87
zbf,0x51846D223F1b756a7a268077C320dae6cd221897
blazarious,0xC9c1e62D078e2e4905Dc427C4322D26165a2a2Be
D0CK3R,0xc0F6bd9F0BE7E08b51f65B82fC95A19Df826F0fE
tim_reznichenko,0x28b8e8aa7304f92e2d816e52f3bbfaa5fbe03562
CommunistAndy,0x7A16523405A626138F45a58eD7882E5Cb87e6252
svarksy,0x189bACaa81e3BAb15Ab60B2e1C605B8820c04510
Gandalfslittlebro,0x04DdF17E703cF7fbDD04b4be15001892E505Af57
UnexpectedRimjob,0x24b06a8ab70adfcdaf61467d4f59d08101fb277a
suchNewb,0xFaE53b889a6332009CDb4e6D48a35b36D06e1B2D
Trizeropz,0x07E99ac4EDaD07ED8194727559bC2da2A4043174
asso,0xd4a5f94d5dff77383eddd954f70d896a17597e7b
sande9094,0xf69A08B652f0CEBb685c2fFE043cfB767b66544A
nicolas_24,0xd8D908959b0FdAEb9E5812443841362C6EF6663d
Lambull,0x751208958023f1d5255e146b509FC8c074e50F14
DarthVaderIzBack,0xa94e3f627D6356291391d9d8CBaefd0BD1C6B9fa
trb0x,0xf86f77f914ec85d123264b462efb973a2d04c5b6
Inoffensive_Account,0xb1FeA31b4f3F8BADd5C1f545770a10E8B15F59d2
EfgKh4EE3eTb9HPwe3iy,0x0bE9162F0E9DdA79d2d7a269F87E9d6A2eCd6661
voidfactory,0xd99Ef190A8Db6AaBbA084a2ea65EC915645BDa22
rmtboard,0xC5279A453aDaA5266Dc9158DA9F02696D02E86cE
heyheeyheeey,0xff60e3B341474478628680756e8Fcf16E7d64a0E
ryebit,0x8aa69be482ab618857243ca13fe4695c8db44668
nikola_j,0x46015322832a58fA12e669a1ABffa4b63251EEe6
richdrama,0xfe52b75a25cc4e249529405e7f1224892ce1be7e
veryverum,0x1c3F05806b27Bc364Ab5c4453A1e580Dc48039e5
willwarren89,0x48f3b8871c0da97c2db6ec35e0961fC269870d63
to_the_moooooon,0xCAd7908bf25B0c9Df6c709b58b808087Fcb872B3
arbysovenmitt,0x16a69fdb3211290c73caebc7bfb1fc8846103f33
ethbullrun,0x9F822B3109BF243565C5123d8A614838668F06f1
hammerhoid,0x862faeA559D4ea1f851Ef31FCe8ecD07BC34B221
genericOfferman,0xd751B5EeCa3f5194dc1E65bb0D573BD9CD021Dd3
trent_vanepps,0x8Feab490A515F50eB443B00E6ff63136F263d471
Khaden,0x27734C6067769b08414A54F806146Dac220A2DcB
mqrasi,0x9b25A5998Ab8A5f72A4F72bc30d062952e281f55
Mathje,0x1B8420682A549C9c4915DD5ac3573A2b1B363DB5
TravisWash,0x07551A2eAF52d485A91a00AEc13BDd690cFC1Db2
bitfalls,0xB9b8EF61b7851276B0239757A039d54a23804CBb
Kain_niaK,0xff026fe5d049894ffbc7bfc60dbb973ea8b53d84
nick_badlands,0xAF2e4Bb976981756E222E1A6D7ACb9f2609089ec
Gringo4,0xfBF4dc6044f1823A054aFd8d5d9a0397B6F0063D
jokl66,0xfcbeeed45a1296130abd3817a68cdb5b74fa0671
BatsForCats,0x1A93d1B890335B0CD48C6Cc1f71A3387Ab94cE8a
FoXtheMarketMaker,0x865281fba7F14511D77674A02C2f01C019d19826
Nova06Ball,0x6B254f8a91E255a4FB916501F896E15522799D82
itsjimmyj,0x72EB85F1041BCa82F031B87d120B0075561B431a
geniusboy91,0x9B1d95c93ecd5ec23Bc883fa9899cFDA8e38779A
ChewlyHans,0x5C4A622c5Ec147B88264A52e192778DE011f66c5
BitcoinTrader19,0x129Cda9bfB075fb0be5d0E2Ea58b3FE0373816D4
satoshiyumyum,0x9424BFC9F19d2c40d79Ca20094A7Da9d4024C44B
thematrixtrucker,0x985c0748a95d30ba0585dbc33c4c366a56be8ed3
lestshad,0x53e77261fdd7187cbb5b427f6c39c72e675b29d1
msthree,0x2d90331b87246af3a99dfe2672ebd114d887be71
pabloleban,0xa4c46a68f5bb7060ebaf689841855b1bec14ebd5
Fuzzman99,0x211c69131bBc33Ed5F76bdeAf531808147CD202f
dead4586,0xC7743371C4d972FCA62B1abB4De1FF954bD983e9
LtPazuzu,0xb8f9cb4e7526ab1bee2d10b5a479243d8d3e18b8
Admirral,0x23930436f8ecBCC18149f68e82E60Eeb7b0aF4D0
alphamale212,0xB2C099e2E0e2fE716E922661751A733205D0BF0A
joegetsome,0x8A56536D9f331e43874C428787c699Ef9dcE71B5
tobuno,0xfF684104992bd26B6326bcA4620D733526c0Ddb1
siddartha1492,0x83bb781a2a2Ca1fec0350F178C911848811cC440
Mattskibike,0xC3402c2Af113815e5Cee2b498F55BEa1e5950378
finalgambit95,0x48fc7C08fa51D96Acb11A4A0D2a68972DA6D7a56
LootCoin,0x89272D44ba1565190A781fBE5bA27C072E6E086A
phatalerror,0x4fee2a38cadc80b06eb9c007a1752dd4b511364d
JayWelsh,0xDE7e3ec4442Ba87247797BEA433985449EDEA893
d3l33t3d,0x56e6fa096ae0668e9e5596581eaf2133315611f8
napkin_calculus,0x2c7f17acb3549a8d2232bdb9f59313a80257d057
GusHollands,0x238dF1A0317A945D85cdBCaf504737510e640274
LuckyCourage,0xEEEB7B99aA332Cf0dB417F1be918c6889003081B
GrifffGreeen,0x839395e20bbb182fa440d08f850e6c7a8f6f0780
stalin_9000,0x9193F4Be55D333E4c9a641424b7D7Df79C357652
bears_or_bulls,0x1f3B92C099331BeE740E5E4E6c0820666Cc8De3f
kingjacob,0x93be96f8eab316d52235bd598ca0b8fe1162e73d
Zebracakes2009,0xd7C54Ead6f8de7Ad1034659Fe06Bb9FfE9119454
blockduane,0x6d609Ee3e7Ea328D0c52d046A68a47292FCE1B56
miniukeegirl123,0xD4dD2A1Dcd05Ba43706Aa4657cE01f320c8b9F4C
Wasted99,0x7e669dc1d75ef8fc7e0a107253f16f950dffa1e3
mpow,0x7a331F60fF7EDA98574aD419624991ff50F738e3
jamesplayspiano,0x61F2CE92556fAE2357c4F457974aF44677723096
2mizeen,0xb123d62c2193e309f806cb770e3d51b04c29c1b4
Anduril1986,0x5650d8683322f0aa4efe94dae6761db277d804fb
shiIl,0xA39F923e175ffa142EC2ac0E2e04CDEAc0f8c73C
sedase,0xe144447B7CFc65A1f859A50df6E134548B5A084b
PinkPuppyBall,0xa4f88C966Ec4537B9769Ff781bcf125Fc24E7e39
jeffreythesnake,0x1D7B64421c367bA4EE02b399A698f9cb3e9d6676
mistrustless,0xbd56c82993d25de4326ecd2449efd66b96e09179
specific_tumbleweed,0x138aF5DA1A3D76DFAfd6EA53CBded4e139c030Fd
cryptofuck_,0x7b4cc04255f3f1f6b6d8da8a92fd05117389b674
Opium_Network,0xe796B61F8Deb304b08C3514241D89F743419B692
mightypenguin07,0xc0c5eda326c2a6c1d5f5ca01dadc151d4f3dbd49
uetani,0x5e96Ea91E1343DAC5aCEdA3027d15EC75c1088ec
sendmorechuckberry,0x1e8994FaB0648dbCB7D6f0bC5b6415Cca99C79B7
divrajjain,0xd953e24b1433fbcce94b5f5b282aa67b7e6d59fb
dwarn,0x0EFDdAde1B999949B8034DA388d6f0eB2D63f879
aaqy,0x94bBCe56d1878F781466e1a3D414b0384D790d50
00johnston00,0xf3934ce138c3c2aa3588450e7ef2d6ace82311dc
willchristiansen,0x42ce9d96edd761fde0b1d29d8ea6a5ad494ebf7d
vandeam,0x720C2dC7C142D10FeE6bAfa3892018F461c426bf
thethrowaccount21,0x6bb9bf17976faada5698f760d66a075b395f8462
kcarp315,0xecbe70d2fda9a30b6f9dd446e4b62d0bb39a00e9
HeezyMD,0xfb083fdff8a086e55bdf4ccc5bc7a0bc765f4c5e
Agusx1211,0x3ad152a06fb23d66aa498c53e451ed5c7ac632f1
CCrayola,0x4cd1169396C38464e1e584F7db032eFfF25eAabd
gighalo,0xe229afb8bcf85b51241bc4df50240293f3b34724
provatidis,0x6e8f26d35800ebb7678ac858866ec0e86ba7d1fc
Damien_Targaryen,0x7d33d9d1D3Ce2E65A9fc0795167E63C227E26B08
bzzking,0x7C48CF841a4cd5754127148fB9B20580Fc51eBeb
runny-eggs,0x3033a0657c4823897440b9121c425ec761a7a694
SgtHawk,0x3839AcF1ee7699D1F46b1BE840D8aD8317FDf757
-_zarathustra_-,0xc241997f5b62d8e96cdaa0e4dc35acffc01319e8
izqui9,0x4cb3fd420555a09ba98845f0b816e45cfb230983
Admirnistrator,0xa6a95B55D3b3161FF3a4ACd067A8A4b9E3F07029
CuriousTitmouse,0x61296744981ae3bd596de73aba0209ce65c8fe2a
Mihailbat,0xE195e22DF55CbC7aAA8Cd2384424afE1F0c26E20
shower_optional,0x4e547d0408ad6d35fdca30ca63ce9ed8a148940c
Vol_Har,0xdf0D4c0BFC2b3635FDbF4a7eFb3eeaD44fa8B3E4
RandomActsOfAnus,0x6c7E8E5A43B7ae8f1D096611E8f54425bfD061C7
DarkStar1O9,0x50d9ca9bb9aee488c4364a7abe5524d5fd1dcaeb
janamjhaveri,0x49148970ba3e36bb205de06f5a5cd965aeafa99e
ILoveWashBucket,0x51B553a31Cf3027f9F5a212027Ac1717B21782B6
justwanttoknowathing,0x18abf788309d8d0a3952421dc292f5751add4a90
xVaine,0xB8Dde51330909A531520A6ef225137EDA13f8C24
MrDrool,0x2b0B40a62c8aB937E597a1547ff393f3434a869F
imToken,0x0Faebe3c7b8B37a7B847E56ea0d7BC54fEEFA7EC
CallMeGWei,0x285BC660Aa42b8EFFC6C60357cd4d8Ca072Be625
gimmemorehopium,0x3C544dD6853812Aa120d39E14B170B54d14077c2
MundaneSatisfaction6,0x62657FF411E4F06f2C219778622b409B7B7C70Ca
Heine03,0x87bbe672eddbab70b82c314a50110db2c2ac18fb
RealFightfrog,0x87B3a7a30EeE9269Afc66F8B2A914a2E56E03D0F
cash,0xae3c9636de4005cb1a0c3aa94e53152a60330388
costco-member,0x5d65b41b0fefa37a63389311c67ff5330d87a183
jarins,0x234f373AF430433d0f3876B74DA6a7D09A1B9d34
MaggoLive,0xFd37f4625CA5816157D55a5b3F7Dd8DD5F8a0C2F
pobrejuanito,0xa45a62fb67f602f30c3b5494993dd22cc407bd26
FermiGBM,0x9AE9Eab20767EEdA3714fa3EfEFc93b5291da614
murlidhara,0xb7570970ade4b850bd5c61bb333dc11705fedbcf
flsurf7,0x2A24626eF14016D5474fa6c4298220BD2D57081e
goingfin,0x6c1ddfb81a3666188267296f10253a5a9b5bae40
edL222,0xE543dDFB260E829c24f24849491Af57FC9Aca2A3
johnslane12,0xB46f8d3Ce22c711b09B0E2D3b6db0D513B28d3F7
flarex,0x8e21459E973012d923ccC2572FAd1Da5725Ad3a8
mikeinthelab,0x266979a8410642a8622fb221c1b79f70b33470d8
MiscoloredFruit,0x66227515b534ae69f51a5d269f5d23340ea7b608
Suishou,0x68De51b8A5A53fE8E62705fDcFedd7B243245D26
CorndogJimmy,0xc60956b0deb32b0606dc29edce3b981eec68ee2d
andyrangus,0x2fBda57d4b68451FC715B1d48a2b619E3f81b250
ennui85,0xb15cdf0df08a2d35f21ce0c540c6381c02633dfc
bornswift,0xeea95edfc25f15c0c44d4081bbd85026ba298dc6
howdeepisyourhouse,0x5A826389fba2842980eE3B10a37311773933982a
ValiumMm,0x8f896239eb9b958a1051a4d9d9ba73cb007b9ae7
iscaacsi,0x8d27c2893a3cf043ee585ffc0d6df908c688118d
MarkOSullivan,0xeb22102db75138f9f5af6aff971bb5944d028504
shamyweezler,0x551b938870c70fd5e9d4c5e91369f8ba2c4b707e
addiscoin,0xD58308B79cB22B93F70dBd88aa5a65d1859Adf9a
Jake123194,0x48AFb64D55c79A2E711c14a2Bf903A7C3842baCC
imagranny,0x82318b1e52f3162261e1bbd00f13484fdfe89cfa
michaelai3,0x954dc267d92b32568c23dc3404d780f7921df69d
jurassicgrass,0xbeaAB084A7ea36bd3737e732f49fEfd21464398A
sneg5555,0x71ce21a0776DF966052cAc4FE98d18313dd3c214
wizad23,0xc13427829a990407600efaa758a405979e024254
ali_run,0x84e94f8032b3f9fec34ee05f192ad57003337988
The_Vegan_Chef,0x196ee87CE11A07ec155773Aea61f6d192A9032c6
Thavash,0x9071a016F554a698aBc4199C816439726703947b
Nickslife89,0xeca4b1de79d1dcce7c816391ae5e0d612371ba81
Libertygrid,0x9c398967cc333ba0d62be0686a06c094da838229
fdelbosque,0xd842fad35a66866df133431782ffed7fc4d98fb8
squall-loire,0x7e319eDfd94e75f70A716aa9f683D7db1Bbaa494
b0rsht,0xdb32440f938ce3bcb952f393f2e4b463d3fcadbd
The_Crypto_Economist,0x22B2fEe1892836ccd422D82865c4f3b6c4e669F7
Kartojal,0x6dd1a6f631f8cb11c419a4739390af317181dae8
nooz,0xed4c099e37c28a664de094ea5ad2a5947dac9eb2
monwenie,0x4d1564ec2edd69967119816db35f25adee059646
Sunhwa,0xdab588c5a041e091fd2fef85b335f42763292bec
miesz-ko,0x0b32c8a52eca9f513e0aeadb4c2fad9c40faeaaf
my_shitty_sketches,0xdc8C93F4a6C6cf9A1076c1578Ce238Ecdbd08241
chilipeppers314,0x611B13d54F0423Bc87Abdc113Aa9d2512A472735
illram,0xbdf5d2e3375dd61dd725f8f82b3b8b66004d67e0
helium_bet,0x7c00c9f0e7aed440c0c730a9bd9ee4f49de20d5c
banancakes,0xd0AD4FD409d21ad447C32250CaDcbBD88A38C194
Candrom,0x55868b2eb79898a1f064d317bf35e515c37daecb
EhWardo,0x0c4f88eceae88f9d66c9a1a763be8a1012161886
rootdrawsart,0xF1B3A985E3aC73dc81f8fcD419c4dda247d2292c
NUZdreamer,0xb85ac76dd2f0b3779cd0a5facf82592544743aaa
nodarj,0xC662606eDB852ba22F75680f7b2c89767014520e
PaulRBerg,0x0492b9170ec01d91f3aa721ff8ada42dd33fbbb8
msolomon4,0x318e073Ce8DAD668E6d544b685656C57F8387C98
driftingatwork,0xe957B0829C6Ae6ac461d7365b7927E1Ff604114b
weed_coffee,0xd7d3947001d4dbac58645dbbaed5fbf46f37adce
GetYouOwnTree,0x06323EAB95271Aa1a8FAA9283509761c3A54c6c9
fembot__,0x4f2e3640b2f37dbd95057f7ec046a3d47e77fc88
Tarkedo,0xD0DC040B287a89336C6606C2f0559AC9582E2e10
clesaege,0x5e7B645d5Bf86750CB1913122ba8A8545e2A9FD1
IcePee,0x8275916b90a18Bb81d4719ac2b9B06EA8e845c0c
reddithobomedia,0xbcd4e9e97ad3ffd9476a227562d90ffde4a1874e
SorryBen,0x7bdc37c8e30effe71fdc06be0b20b75b2412a25b
mattheww13,0x6f8691a05bbcfc7a62bb72ca6c2ff3f13a962f4f
snowk18,0x1f085a5e3f83cc9b347894ea05b7e667315aa025
WestStreetWalker,0x5c1bc08a8547d8d0b81c186f6868f34275451bc2
AdmrilSpock,0xa732f76b2991e61fa7741e37c0bd177b30bb3400
Tazoid,0xaac48c8BD4a9e22268b25B3427449E240CB9Ca6B
ItalianMast3rm1n4,0x1a0D43f3af7aaC5d871220F2Da410bDd8AB44c5a
Bischnu,0xa4887ea048a49b34ee531fb43113ecaf930445e3
kloeppli,0xfdcd0874db7617e5b7205980b68affec3de8efd5
madjophur,0x6cBfC42F4FDdA1b5286B2B665322E2E872021b44
PriorTrick,0x2e40586e293e48ae1ba077b79175bc8bca1b0ba8
OfficialLCW,0x795043882b27b5e0f06609c573ea023bed825fb9
icofreak,0xD01c67f633Acd89538c3035c85C240E62FAc0547
ColdDevil,0xfac0475b677b54f72682E0EA633Ffa1088110dcf
khaosic_lord,0x2d2440260b155cd7dbe38414b42e2d5d493a31b0
gwenvador,0x6be3d20dceb09e8f9207561b59967b40e23c0fea
pirius-ra,0xb4088f4abf11fd865112bb08ca05b08fb9a601f8
th3m3at,0x42b8ee0ae9db732dcc42cce0e662e074e75c0d36
KingKnee,0xa41a2355f46084096eb6394d51f9e3b04c444599
MidnightLightning,0x88408e6db87925df7c841f2869666317566e66d6
LavoP,0x5A9e792143bf2708b4765C144451dCa54f559a19
IGsbrnk,0x45cf50e98DAafE4a7b3b79ff2b60a02CbbAc326E
Jaybowles,0xa419521152838D0e52ff1E661BE633333D6D18A8
beep_bop_boop_4,0x4B7C0Da1C299Ce824f55A0190Efb13663442FA2c
mfinner,0x643A550e85eBf85a71b2f752D41db66b338BA94F
jscinoz,0x36034cba5413c0678b8256acd0a87af4e9d0873a
raymonddurk,0x0E380f930F523Eb3563369BbFBEd3E4EbDC4d2c2
itzALTA,0x91187faa59187dc04fc785d025fecdd04b2bd818
theboutsi,0x7675cfb8ef63e0fe00da3e77440d84a310c354dd
hermanfelker,0xeb6E169d0716a14c5C6bEFf589E2Ac53a9399363
caliaoarwin,0x856f29422fd59e6935402441298f9c07249b09cd
windflower2016,0xab370543896173eb2e6e9fbb87e4529fc9973f1f
PM_ME_YOUR_POINTS,0x3ae853a92fecda485a1b636620f7f95c2fe81384
eurekabits,0x0dda5b6bbf013c554c68cbc7abb678d53edbede7
MnemonicPhrase,0x9642A69add137eB621f634E04e1782a746314039
KotMyNetchup,0x9D09a016dB421f5E6f43846e4F2a1e1722810f77
MineTheDip,0x467A54491B885Ac859662135fe0E2E7e99060339
buttcoin_lol,0xf64cd5588A82180F32596CF2bb6FfEceb0647A49
microchipgnu,0xB2fEF910392576e2FC20be99DeE864535aC3fe3A
OriginalGravity8,0xb38a2009F54167cB13C894E51ab27b728B2D4fcb
EarlHedge,0xb29bc451415ea8884a31d23fe2a3be925ee9f2af
calbertuk,0x6ab615CF8deCFc488186E54066Fc10589C9293A3
dostoi88,0x009cee9ece955f8286e2acdb73bec00ebe930c30
spacecadetz_06,0x1B87F9416107b1F974b8a73792afaA37036392Ed
truesoul42,0xD3a6Fdd4408F5fD15623abBAe9041025A337314D
nicknle,0x54d297cf2bBB70b10824218c3c0b78379c413044
imFaast,0xFACdA5be8b6491492fD80cEFB811CDc8F8c7BcaD
mveeq,0x5DE7155EE3718416935DD63398857273FD159CE4
shpidermaen,0xa01F703a256D70411e2a692bD1E55E2ADe42BF62
runnlngoutofspaces,0x39e1Dbe73258A845B7cf275b08e9a9A5ea8851Ef
Send_me_ETH_plz,0xc4e2D9fB13c79bEea2df7eA2a33c9Fa59F1552F8
XxRewirexX,0x7f62aD87bb95370Fc1C9D46358d9dAf3f37fF5B7
howaboutthemethers,0x3e29D968aCf393C28aa49B89e7FBde0CF35A61aa
thonth,0xf1c2e041ab05d5330c43d974a1278d17f15d46fb
roastModernist,0x1b772bc59b110c8f741a2d7c9e9675439d6ceb12
LOSIRA_FIGHTING,0x14a76f08d2ba0604a489c631d0f7370cd08684ac
italianjob16,0x600a58985F5f1200d665A70C90447D60bDfcbDfb
MustangV6Premium,0x45D797E9F18b0b5bb1dDa7F1467DCe1eB6D1340d
jreddit83,0x80657544B47B12b8d07d8010C9485ceD3C2ca781
NumericallyCorrect,0xe078d7Df5C30874DDD2671FE660A25f323CCCe4e
owolf8,0x79c84d864E0300a2baC3F632961594C8F48dF65d
iceman1950,0xAF70b242B44160Df23ec3b693215712a70d85FD9
phyzled,0x22573d6Bc8d95505ef58F737F54ae8989073b407
peanutbudderbacon,0xE49989b214e1dA72B783D8b1507A62ca2D35931C
CryptoMotors,0xC1e097bC49fc2275fd816221FB1fa4B46944fbCF
Pasttuesday,0x97f66b645196cA1C34335401F614097b62577097
10ke,0x3ad7A6d6032a9C5f7E5f430187f669cA83b33C3c
silkblueberry,0x9d574eE211b242C4437D00F2f4214539fd746C74
MarshallBlathers,0xDfF1c09516C382842e9922e4F76ed0BbFa3D2454
Martin1209,0x1Fab663395D42EAFC8a5d6791e76BdBF38BE5243
Halperwire,0x16D7DFf2E56aA73Faa355411f0201207Ef9199AC
Jasonies,0x60738748de38f8694828AEaeab756a35843F9d76
k3surfacer,0xC68E90bB41dCC4b27325427B1ed3ca4fC3Edb4f1
Cartosys,0x32a2d3EaAAD78Bcf17841AE49f24e678E2b32Bc3
bro_can_u_even_carve,0x4aAF915967B41A77D11adca432a1a2779937e71C
xlog4n,0x3335D9B94cDcE005f24750cB1f04922BE3610304
ask_for_pgp,0x85CD2e2F186015fc56a2066885b16d44c0bC164B
blurpesec,0xff4e19682634fb6CDE96372452C07d448470D804
Gh0sta,0xfd1e50BcDA3A1f9eBe6E50Bdf80cbd2c3D6a1fB0
BountyExpert,0xaC39fA883d4f90ef0b12A208b202D22a62d38e41
ParticularSort,0x898335d7bdDDC17215AA50925b1fa9eeDE9a1Aea
dreadpiraterobotz,0x4dfe13D8349F8DB76C55fDBAb0FBC2F5F27F61be
michwill,0x07Aae93f2182e43245Fd35d709d9F8F69aaE4EDD
shouldbdan,0x0f643d80ed5b08A731946cC5337D55050344227c
perfekt_disguize,0x2866420e93B8b000E64B91e66DccBe9946F7b64e
WarrenBuffest,0x1f35A608d178d9cD76d6fb44599408506E47286a
Basercist,0xbB5e9f954FB0B190225f1b0f9f946D78Ff0FA0e6
steppe5,0x940d5dC8aF7aCC0B9880Fa0062a453EAb22630C3
citizenKW,0xDAb1B36BBa5D7baaD1a56aF401FDaa79a7fa8b70
smidge,0x3FaE22695d7514288454a3d325c815E00B1D879A
lokojones,0x6a7948B5579321f86C7Ffb6CF2035Dcf3AC7Fe2E
zakoal,0xB9322606d328EEac7275936394a4b49038F3805F
nugget_alex,0xF5FC8D12d10D1EdfF6379c4A12f39863E3227eb7
vipmoney,0xAF4774798b5a9c6f831CAE5e56d8B12d25Ae3972
mmurthy,0xf768f5F340e89698465Fc7C12F31cB485fFf98D2
zyncks07,0x3fc9e849BE1dbBA257F050D095D7233bd02767Be
adamnmcc,0x47259b700a4360146E4F359CE29Ed8a7ef79a830
ychok,0xa0fbc36f0488c5E524d3A267987F52BC5F01df7f
LefterisJP,0x2B888954421b424C5D3D9Ce9bB67c9bD47537d12
serenity2021,0xb370e461b5a6bbC5422929Aa26BfC4256bf0Be94
-0-O-,0xD549A42b5dd6E06d6145ba65F99df4a0f282AdEf
DigitalStefan,0x1f4Be4af0996848401a1b107f0237BdaC1F09e9a
Draekus,0x0C8dE2AdA8717266EF393b2d98dA3Dc98cabE992
haSG_,0x4Dae0Df930bF75E9ce3e35e982446F6AdC05b56A
newretro,0xEc7641e298aF02c19171451381C570327389b0c2
mashina55,0xCAD1298f3ddB56325D694dc6c4C5F233dEaE3FeE
mcstutter,0x63c14A508Db637edC22A1689A235f6Dc7C61BCB2
webgene,0xb470753389420Dc63BEF6bdf13df6ED37a84F8b4
CoinsOnFire,0xC4C9024bA7ab6e0587f7c77392e57d7c5a33D58B
icoshift,0x98f186cCb6B0E8372FA81e6889564F5A81476531
Catobis,0x4644019073B1E4B3561759a1726D236D0d729827
0_ozzy_0,0x5930D7B8C425DFb3A576dC1eF72eAC8bf238d257
dionysian_maestro,0x905877a7CED317BDB715C205D02F78A9666fDd7C
badassmotherfker,0xa2E365bC33fEc42fD04A699d62b24759Cd1c2d54
dotcomedy,0xb55daF0e6D1b535b34A370ed764d105c57d1fF78
techwired09,0x0535FD8070640e0378AeB00264A5858F266cD380
ShitcoinIcarus,0xAa78DA374773fFc1d55c10DB69dF0bB4FA2B71d6
Raiz83,0xB53Bef79C3c0BACf29039F91dD0F0309184B85f4
altdrone,0xB8f843FEfE2ED8024aB9C0bd00e7872AD00CA7C4
proggi1g,0x10531E0f7A1a33D6F01F61813aBa71281845a91b
AnderBRO2,0x82485d20f27C7A41eC430F6344B53D3E4089F15b
roox911,0xCAde9B1AF275c3FeeA32DB180746eAd7D7ab87a1
Moverperfect,0x7B06BAC704a85CbfC27681FAC8a81db85221281A
eo_oe,0xd2e9619c72BA634924fAAa68620a2bDed31CD5A8
BullGeneral,0xE5FF3A7aAB4494ef6479f11d85B5531A4052be52
MD786,0xC5a6494fe7fe7bc36A9B547E179894B2C0439B82
DEX_TER_420,0x191AE612D890d2F24e2a6208f12fEC27effC098A
ben_efx,0xDB40aE9e2CBaF17bBE68d2aE221Fa499f8E42C85
bipolarbearisms,0x115174d36631B61D011c6D5bb4a84A0aBF92ba4c
zeroproof-,0xE24129d2F710e6778753583f4e7c5e5D12AcfEf5
freeworldfucker,0xbc6bec0016072B6d600AD7bF67939ab1C9e97E33
ifearcompileerrors,0x54372e2b338C4bE299B75CB54D914822dB32A63F
NoFreeUsernamesLeft,0xb184884563F7283Ef7704c7920DF5B1557Bd4249
Amandus_II,0xAEa29D51869e6F26583ffE5d26Ade5e8ec013116
ed_wolff,0x569Bd76E645fC767e84F8cbB34F40261e7C74c76
MagnusHkl,0x0152b813c7DC97b45766F320BAAf5BEE8680b011
xpxlx,0xd0AEe284D4B8Ee835C3C4A9E78DC72D360ED453a
HoofHearted47,0xbC26199BA9CC049c95e7E5C7d74C0b2f987324cE
dexdotblue,0x0ccdf518D99F24C025725B70836B3015a3A82975
PapaAlpaka,0xC29969B398Ff2A42e0280e783B83Be3557c38b1e
Metallicscream123,0x11b9689c36a42BFe52254e148dE10A99eC8dEedf
Traffkor,0x4787DF6411FbE3EBdc9b42519701F76960BE9DeE
Sillvi0,0x879585Bc421733F4474EAbecfb01729822D6391d
409h,0x11b6A5fE2906F3354145613DB0d99CEB51f604C9
Afr0Karma,0xc13A83e44fE7363f4D971F17F6729ca61C0F52E6
everynose,0x0E8FC6854199D42D49a41F2FbCC6cb9D6dF2F80F
SoiledCold5,0x64e846f0A06b3638271c533d595F7AC874684116
CryptoAdptor,0x9A933f4BD6eEb72797cA15B8208130fE7A8cc5A5
b-blockchain,0x20f18bAd786E594Cb075B24b56c00d8c4B409aA3
Cryptomoolah,0x7b53F00F79f1536E5Ac0d781C83168932f188b49
Graham_Status,0x580A45A29157f9c0D511Bf79bF50D3BfE25c80EC
river_tree_nut,0xed69465F40615f60AF876848Ca4Ee5D00E467ed3
N1c3_37,0x7201eab5f520878cfF644cfB1e8e6821D4759653
Sweddy,0xEC5e6961Bd7a3a580075d38134834dF84f6875E8
sdmikecfc,0x45f3d2BB22d9FEFbd2aF292833dAcf727Ab19dd7
Token_Brice,0xAA7A9d80971E58641442774C373C94AaFee87d66
Temido2222,0x4d290b0130a2ab1828501F0733a15A025Fe9c459
dumanyac,0x218b473e902Be6BAB7c156b693e08Fb49fA5d78F
areddituser46,0x3a583890C0e965A3107cffaBa9ec32eF19F268dB
Eddiegangland,0x83adDa68bBD3a24BD1962FC27A03CBcB70D39D7e
hermanskledar,0x8084A0233d764137D0c9502Fc7a542a6Ec787baD
Compound_Team,0x06f8F66648Cac8bD39E9ccE036094ef4Dd1b504b
Mr_N1ce,0xE43DEb8853f7403D82f5202F8d5707866e3fA2B9
dbigge,0xB59b6944a9B5B8dEf70b9eAE3Ca362c7346Eae95
MagoCrypto,0x51C002C7EEEeb0b909647cD1e88880E16e46BF26
KHUSTOM,0xdF805B9a74bd430b827d53997077ca9843DbD693
AdamSC1,0x2Ae5DA1Cb3fb1bd738EE73C28e34Ab6FdBC64EAC
joaocampos893,0xD00995A10dB2E58A1A90270485056629134B151B
mattnook,0x1f032Ec74c30582C76a5C231ab2C150943AF574c
yahehe,0x3Afa9f9a5F53984Da89Bfb51A632C4a890eFe2D4
Ruzhyo04,0x5ef17CA458B035A25b8feb75ed1953b351EA03a8
CarsonRoscoe,0xCc78C9a0cabbEf83774C5d6C7D600107288BBe0C
Sir_Loop,0xD03d79F0f72442479bBdeFcCDA3e04b6Be047e13
brantlymillegan,0x03BE9D9A86FC75AEbe45e3674fe5749BccF56D8C
steppermotor226,0xe7D960Ee16d6fCddeB66B0AFBBfa051f61ef0e6C
ackza,0xAb2ED46A31784D492593eAE170B8210895587CF5
gogollack,0xafd188D9cb17EfF3a87d646Dde9b12ed40d42c50
cyreum,0x08C77C67d258efA5a5E4FBF9B92807FB3d3CF1f3
Madcapslaugh,0x06A1df12F89B3FC9C5b4125071a344266FC6F2Fe
virtugranabr,0x6FF83014c69DA30F78bEa257190F7B096410eD73
intothecryptoverse,0x736EE9bE03cA2AFEB2CB794b4C39061114a21C6E
ucefkh,0xa60c6D73cdb0f9Bc05Fa258F3c764a0080Cf3ef8
pavlo_proof,0xC055Cd3d7cc0BDe9669e6994a81B4a57E2A9808e
kenny61,0x8dc1A45E53982f0AA2acFBbB0b4fE863f14adB02
welcometotheregime,0xfFA97C9ab3dd4A6e2b83EDd4F7C3F49D6290f69F
FuzzyOneAdmin,0x14387E6A7E79d28340fd78Ea3ac2243F4f511CAD
fima84,0x4fc87C16126dc0cFE0bB240Ce483CEa7Aa1507DC
gcnHNYqvzB637fYQvQDt,0x3e8A76596E4f9c13E678155c52d1FcaAFf6Fe6fb
trx_maximalist,0x5db9F53f8F7f5FAAB2294d6E00af0C7B2038f25e
GonzaloTellez,0xff27610E0a5D4D9E5682849D6e1229438Ae26729
ethlong,0x544dabcd933434D9bCe90b319B313704866d2B07
Crouser85,0xb2aDd97Bec09898B71eE8DfeFB509a5552bfCDd3
vany365,0x95570a6476565D532dE8c4353c2838bB6F2Da873
indolgofera,0xBD2ebd36930c8b61E77eEF42ED53D44967d24d99
vadimi4,0x1AAa66C2d3fF4222705694B70bA71f2Df46489eD
kfoituga,0xAbE1a3c3e21C9fe3B802410f6D42d6fb98e190FF
bisti123,0x9E623b9ca14b17893B7ee547b0fff75820D4592A
nothingbuthelp,0xcB8968BD598Ad69AF959EE4fCA39Aa2BB1fd5AA5
stinkykittie,0xC0010Ff933d6f36aB69976fA7aD44c98d4fE8ca9
PierrickGT5,0xbd17026418b71447AD99DCD8E01bcD6fE38f879A
Carlos__Matos,0x5940229E55a3A2d58A35D36dA3c986A2A6E3987D
SwagtimusPrime,0xB777f38AE3A85e378B4c40dba9313AE5a9b0256a
magichatsam,0x9CA96dF2673a2A21be0754EF9D331910189b6284
aerotrader,0x8d13b1741B178aab0af7a93C13405E767EFF6b34
dukkha108,0x428FdE8Cf7503C9f8d51B3a9aB4788830CB495EC
s8ean,0xd18e8a97d9Cd76c6eEC603C625fc4DB947c858D4
dreaded_jack,0xb433dbF0503e6906EaD688513Dd4Bf6E50f4edED
Yoldark,0x1542cBd59A301e8b8bceD150c752e5a49D196F04
Puzzled_Badger,0x4b4C5D388c56828f5759C7ddB5bf68ccC89db324
randomnomber,0xF9A44C09b545E88135FDBfCD1a4D1A73E607eeD0
apensaus,0xB1C4603fc6deFDFa15028cA1dbC135C6708e8B4B
Spacesider,0x4CA0baF32146c1169E0D8Ed700e689C80195E2BC
filoni,0x7Dc5558bCe1F0fB28C57305A51CBb4673e150EDd
dumplingcompromise,0xB9dBDd88025f53b587d1DB514dc883D7AC1f27Ac
cookieghost,0xa48354d35b02bFCd965FfAA17A2d2CDad147f3Ab
q9fm,0x1a647d2Bffa8C506e2eF73c70f1baD43ef637f79
robert_uniqid,0x4Cb2A9567c875bA4aD50640e9844C7858939fe9c
illumine_finance,0xAbd8066aBf8c1C78B113e66C4A77631CE69d8667
Owdy,0x01b6b6Ca6cee322BCBC33e95DCb677b429fA33A4
tagawa,0xBEB9C25F8c68F4A83f36DC149fb4B0E159A0d059
blackdowney,0x54836c08Ba9c3b6036ec66E3F5d21199BC721C23
calaber24p,0x4fC2Fb80e3AB5C2b0D433EC6d06369C9a4ceAC8D
arijitdas,0x4Fe9aA1C175D076c18031edAFBfb4E1Af16ADB13
LogosEther,0xdc1FAb344F9fc288325Faa1304EFD02aeAADC081
split41,0x54f38f4E33e47BD13e7A0F46Ed7AfAD61A40BFc1
Steewrit,0x69A5552380b95890F9E1B5F9441D29947800c599
takito565,0x0aE3Dd57F3Ec4D0488c5b96CB39FE4Cc8993bee4
TheRudimental,0xAb59cAB2C04a759a47C25AeA3d22921cC29885dd
PepePerogies,0x2E96E56568783c8dF5110cf676B2A8b7aAbb9B51
xbiitx,0x13d4734Ef26411868c0654fe35D60c40E5e5B3D1
dekanbro,0xCED608Aa29bB92185D9b6340Adcbfa263DAe075b
bruhagan,0x8B5e4bDA66720fe6b1679c0AC78b00E82463A10F
Bumerang007,0x3Cdfb7011F97F80E24010D0E349d8701aAa197CB
ThenOwl9,0xC9d48fDAF3Dde28B23c5151B690b0438EdF82BC2
SpuddyA7X,0x32986a53B40ef757B296f744D80759B8130f2cC6
TheBatmanPDX,0x55272822734d217eC445C5E1908866766B784ea0
nilesh,0x122C1286D31648390233b3F208CB3198Cfd9F110
DappRadar,0x7A2842cD3117637a9eFc05f71dEA7Bc3B79d36D3
JamesGatz_thehomie,0x3F86f18322a888d9b3adef38f127c941bCcc014D
skyfire-x,0x1FcFD25B25CcEaD63665CF867f4F7CBa3e75dE64
magic889,0x3d142f33c8be8ef376DFDC9583BD62F4f7eC4D30
Fritz1818,0x713376C3BB65E786d8aA0FcFfFfB39472F23e6A6
Cryptodelphiadotco,0x7945561d43d9B7f582F9c250ab5f02C44C34D9fb
unme1,0x0cf170822A3FEdA40a62279761E3753DE1729A06
Nategeier,0x66268791B55e1F5fA585D990326519F101407257
InvariablyGarett,0x1D6F2F0356B3DefAdf14b1a0F8A3Dcda89367D68
rustedpopcorn,0xd2D117e6dbbfdD74D6b865ff859a4611bD29F3Ed
Tricky_Troll,0x368A2C0060f76B965F184A6d280A82a53B6434f8
jam1111,0x7832E8979FAd2cdbD9fC3bffC5853873e354267D
CryptoTicker_io,0x0fA813390F3990453cfe321CC162A7eaB92Dc15B
ImanuellKantDestroye,0x23EEBb090C430783Bf0665478ea6d5793B44a3c3
z6joker9,0x96c32AC9F3fCf1077C25453BF85a7af3276D84c0
FluxTape,0x1E8484197D374798aef69D5f1D8a3fb01b7dC358
salsaszn,0x3C92b9d7E2726D20A744845043A940DFF92a55C7
angryblazian,0x1cDeDBAFE4Aa36889Fa6Ad0880015eaa465e4826
Hiturunk,0x0be0eCC301a1c0175f07A66243cfF628c24DB852
viners,0x53C0E349E1A9dF1ECB5366F412d945B678110bb9
jwinterm,0x41a4922487216655A1B1d10F70EE6B0bf7e75219
green_0live,0x1c8b4Aaac623C079f8f529b3B1F1136be129ED17
MARSILIUS,0xc1aD79aB00b3F63577ca653CdFDa344e9847D4d0
Ether0x,0x46D7520A507884776419F38f3E45972925378453
rapandcrypto,0xc7Ed29f68b5112c97fd3fD188E46Ca637F2b2043
crypSauce,0x16Eed4B521c832d25Ff838445cf63E0c8329eB4b
treasuregnome,0x261377cfB52E6FD3048B0aB991D991EE43eF2d4A
arthurfrenchy,0x992A0b5aBe1bAd74c7F40a8A524E3220d8982699
kilmarta,0xDda2D57aa2CB55aF90E42cC8c71f6C63fae58A56
AlethiaArete,0x3c152CDd162A8a92258ce87BCaE815f8ef393756
Bhallaladevaa,0x6bbf88683e83694500893754fE9Cbc7047E96737
Attilashorde,0x6Bc9c15B4D668Fd58142f4207359E47FD5305A5E
Zeranor,0x9526818A8F5d997652c213A28CC532Cf6B709aa4
akarub,0xE3aDeAF415d560dB0F3ccC9b227B1299795A11f8
mattytay0x,0xd00b6eD3C9dCD210E5AD5d41f92E482Be97C0976
schluk5,0xe988A079f8CcdA5D09D5DC564CBC5880737919d3
brentoshiro,0x35B0D9657300ad12695D2eEfE9A4298E887A8756
DeFi-licious,0x19Ea9301b7a47bD0A329723398D75013E7E9CED7
dvorakoa,0xEe7Df7CD74e0C643710a1Db9deeEb89B527f2F4a
matmad94,0x8dd2BD39C0D5E84862AadDea3f8264Ae333CF6E4
eatsleepboost,0xa037Ff147C390Fc4408A48E1263F89eB86C68f4E
lifelifelif,0x26bc7dafF54a8Fe4D385C37d6D56b0400A66aA0E
itsjawdan,0x8b8b12AdDCb9c2B379CA342A43d1f18ff7Ad5741
andypelevin,0x74bF9a0E4C93dEc132c185892D64a81327Df9Ca7
flyingtable_,0x95CD267688f9fa13b3fd24B8cb366aa1DA3890e4
drdent19,0x9372fE6d14d57988B7EC923815Cc9243B313D532
EthanPhan,0x6E3FF35d5b72480C5D064cD84708Bbd35dfE5c4B
SomerEsat,0x724F321C4efeD5e3C7CcA40168610c258c82d02F
mstrkit,0x1E81C5A32f8d8C72E6bA6ac0E8CB024D729977E5
danylostefan,0x344863fAd665633c49A1DA24154f44290Fd3c30f
whoyoufoo101,0x6E6641923Fe552933Da54AF7B03A02EbBdCC36d1
SusanForeman,0xd1297Fbc37295462322f28881DBD9a557d4317e0
PocketSandThroatKick,0x63cF2f0e2Ef4a5EF6934435b97135451F64f7033
defi-chad,0x7705E47BD6Eb6Dc5a11aA1839639F3Dc6E1a6EaF
ObiTwoKenobi,0xA8F6947250D8e0C4FD886803eC0b518053577C55
DownvoteToKarmaHell,0xDE48C0aC5C3B54Cc355d9091C0119156A6Cf9227
defineyoursound,0xADF0e485A934747FF327f19a30d2c2d1B680600a
mine003,0x3a5E4842116F79ca802B7da149767922Ceb12eD7
hebbianloop,0xD638F5c8D434EBf6Ba3a2527bA76B08813b4598e
Key-Cucumber-1919,0xb260537cAdD802B71B9FEC7D48D3545fC61C9971
Zaeem87,0xcbE5AD1defF123f98512a995a8cdBA6A0D21919b
mgiesen32,0x21532d4267648191bef7a33c813c43cf90a6fa78
LEPv0,0x601c599C7C33C121B805eC8E525Ce77340A29CbA
PeachesandJellyfish,0x55d938bec1A19dbE0835e5F59177bEcbe173d350
defimaxi,0x93ba4EfF6b25280eE2E1F6957F3B0ce6264825BF
caredemption,0x649b729D939ffD45416D987EB3D4Efe36BBC69ae
kkboxop,0xFe564A31118379120Aa938F0CEA0A84435473Bcd
icecoldpopsicle,0x088E514552bBF76E8BAbC259A52d45AF81c6CAE7
Homunculistic,0xd092769f5374Cdbf01C5547A85aCAfEEe9e8d41a
LilG55,0x73A4a99530b475C99eBfF7EA463FeC8078196520
purpledrank7855,0x0fc5418364a7dE0aCa014Cd24D88d95138d27325
ZergShotgunAndYou,0x01a8B3c9893824A6380cf8C3C4c70C756E2228d0
flossraptor,0xb181C157F2b751022478A8dCE4da18DB3FC4b423
banterpanther,0xE658D2594aDcFDE95124F6939Cdb9ab5A46F2107
thecameron26,0x4c71B18872AdEf16a30DA73366223998f31BDfd9
maninthecryptosuit,0x550FDB351cBC08D851Ac438389A384772F467bA0
bendp,0x4059457092Cc3812d56676DF6A75fD21204Fbe2F
sadpanda03,0x80508fC7BB94B9A70aFfa6885d8c43D757a7a8fE
iiJokerzace,0x3F32f262CF3052c1Adc5AE32D2114870F255BF22
stedgyson,0xe2dAf0e33492720d5Fc29749CDfbEe46b46B27cc
AssTokenDev,0x5fffb55d41d5EE549De4C13d74750dFB91118D10
smokeone234566,0x29aebF1904A5b38746017d0317C0666eC36cad84
RednBlackEagle,0xBB35fB5065a6149bBb38DDA8A45a13CcF29021D8
nikkestnik,0x703802C8018e836Fb71645DEAFDEfA20f1632622
KingNyuels,0x245a6E21203326be3B441471894d1B4fE89bd52E
AgentDink,0x2eA4e105872D3dEd3c30D29FAA2817B50495289c
Dantello1,0x6671219099eA6CCC75Eb3f4f4200D46A97b09a19
rufuspig,0x619f844029fDAaAA44512a54231021de30067286
Bluu3e,0xf542723fFa8d95EFF834f98D09727271711533F2
Zelulose,0x8252DB05A2bF274a481c08C81cE9364eaA3CcD85
Heebnoid,0x4dF14EC479ecf307c87D34480EA36e2Fdd66Dc20
__ACB__,0xd999560Cb29bbf6A76084b38CA9B6E07Ebd4C426
CherryCokeNixon,0x5741B920482A844f5d2cD0dddf8Dd42236b308Cc
Bitcoinaire1989,0x5C97ffb1d93AF74623F807D499A96EEf8A92E786
bultard,0xc122af2615Eb27f7B27Eef9D8123D34664151DCb
wideawakesleeping,0xE4449853E77F8258b5bfb872c6D4799E125d29fF
benalingis,0x6792A67DF107Cd039a790C34CaCfc9d7565A897a
HCloridric,0x3547849e463c44830A7cFB2FdE692b7B185D2afC
richbodo,0xd3183edF513b2f6AAB13EF46f781C9414c06A58e
slimmtl,0xe86A33E9154c2Fa440FE7a4a53ef225519c73D06
Tantebepuitbeverwijk,0x778185B92f154718eEf3c023AF0434751a41EF79
3esmit,0x3D597789ea16054a084ac84ce87F50df9198F415
EngelShooter,0xF1512c73CA76034154EB41666DBf6fF0BEaDcfaf
wjmelements,0x4a6f6B9fF1fc974096f9063a45Fd12bD5B928AD1
gremlin0x,0x352C3c1A99f0d3e0beb03b9F088baDC12fa2C33b
aqouta,0x09E9aB9dDa075439A1dD7990Cd53495B52036a1C
drako99,0xf4b6F6AC822610fc552B2CF266c6F030786Bb8DE
Jargog,0x7ae10530c5535064C037D32D992bc092753b9606
EthTraderCommunity,0xf7927bf0230c7b0E82376ac944AeedC3EA8dFa25
Triadji,0xF694ffA78947d399eedF26855B8D2463ce8F8C81
UncleLeoSaysHello,0xb8640184dF7882f0A3E46Ef3aF9A09357680EA12
DatGhostYT,0xa85eFd19852f56990a708d5d38d49552E8C75512
unocrypt,0xfB922868d6cCa5ee0A4d9F3A19dCc2B8261dDa60
MostPopularDude,0x93a4d87B6008b53927269F77b05Fa1eE33Ad7A2d
Oxygenjacket,0x577989d4B0E3313EfCDd4c7413475458F0442F26
SerialMasticator,0x3d1Bff6CdC85605e3b9bBAb17a707de65599eC99
TenCoinsShort,0xa4a9D3d2aE203c29a003176E02E863F0b888485E
Oninteressant123,0x92fb0726799C746175360B7cB438f8b4D864443B
cometothecaml,0x322F507835900A719a7760f8995973f5CC677965
OnlyTheMoonManKnows,0x1C832dD1B92C9385Dd0bdc50a7FB29b433dc495D
ethervescent,0x9959E0E36C857eeb5A87fee8800af8a6a119f5E4
KRE1ON,0xCeEC06CABe2B0d6fDC8fFc713cAD8fF4Ef45B5cB
lord_of_crypto,0x4529191f7Fa80F067b59486249799DE189Bb3135
grannyte,0x79AFF8CcFD94B6ca2041aFbAB3027b7E0DD330De
christianjpberg,0xF65f99FcB0d7CeFb6062F23065868F7e3897655A
PoisenArrows,0xe219AdE6aEE5dfCD99fb3AFda791defE538221C4
bastardicus,0x3AEfe5A8CC88F577DaB3571d035FDf4F2ECB9B97
T-Diggity,0x87E2c9157B8Ae639A9bec8297CAf8860034f3A12
bitdex,0xD0be01171B75fC23A938E28d5B3064DC3Cdb14BD
greg7mdp,0x80a35C28a36cCacC3Ea89D65B9304999f9360334
alt323g0,0x7F05c54C01D99e94dA5E83257b8a29e3bFd6ef6B
bitcoinbro13,0xa574100B2e3fA487291A694143D9c02928bB59AA
Freimusic,0x828f2fceF4674Fa29a4611316760E503465F59e1
ArtOfBagholding,0x2DeCdd039793961671f26c127cF40365552AE9f8
Eaglsix,0x4670261191F126Eb788bd42461dF64D29c22aFC5
SERGEANTLEBEN,0x32178d3Db945E81da3999e245E485E8074629e8b
mantiss87,0x358b5c1151dBA2db02E42A0ccd102a9149802A87
wesRobAndSin,0xfaBE17cc2FC30952906230f381E6Ae530e582BEb
pas32,0x5B78f06123eE99dC8B21D4e1Ef51afE08059d5Ec
5dayoldburrito,0x51de8D102bda82423ec637AcBAD0735F1d1dA907
Danksop,0xCDCd1f066495C6F3BFCEeb61BA44904E628f4f95
richards_86,0x027D14Bd2a9a60Ca0242318BacfF87d6Fbf4e1dB
topcontender,0xe921c7ba928dBA3846C379d9Eed15bC134e81168
BitchinWarlock,0xd5a101a1AeFaa9183c2aeda9BA992aa78C56eB42
silver_light,0x2da82A9B7778128dbd0B169b9819AD80e66799F0
BoGGy5m4ll5,0x97430f3192E87881fD44D28f451f12AEeFfFaD49
letsgethesem50s,0xB0be51e1970151824cD05cb89683c2D8873b7fC5
GamaouaT,0x768d42951437c7184AA17b01002b6CfDF557D1Dd
migueltf,0x8b2e8FEE4bC2be11D2EC5cFC22967e7DDC1D7477
GemSpotter,0xfc274Dd9298F16a9183bAF8eB2414488b7E9748A
fire_chasing,0xca2825FcdCf608745c7c3eC446a48177fE6eE989
NoDesinformatziya,0xc4C87313e79d7d7f91Ae75692b5D1aeD253B118a
keatonatron,0x7c80435964Bde8071e1D3Df76Da870C2F03b44F2
allyoucangeth,0x1dc5c1e3E7109c2b03C33b6B48594954b8b1849e
palfrun,0x9962332D6fb8cB34188093D67315FE19c02b63ae
nattain,0xd532CD2db04B01926979632fc373da4C4a09525B
Cryptolosopher,0x7970Cb7587983FeEEaaB91317f920Ea3e345AB02
bryanwag,0xaE983F86084C34e22Db01038A42a8C74889b2aAb
Smiguelito,0x103B3a31c6732C8615161757c64d2C5Ed7DaAD38
bitsquishington2,0x5BfE4018fbe2Ae7fD6e2bEB9eBb920e5D4A589b8
logic_beach,0x2eDCfBb26a940a6A33DEefA79da00D24D8FC3147
ResidentRonPaul,0x09759c0Ccc5e9518C33B237B97177d8Bd86DD931
doge102,0x838f546e7BB26Ab2A87000BF231c7a033605eAf0
hbhades,0xE0deb73D3C15bDb75D48Cf151b8F0CB948A6Fb88
nahi555,0xEdB8A2cABC817EE868Ad5f917E7dCC59F55648D8
fleecedlightning,0xa53b6EfB4a2e7c697E3c42dfc310DB437580078A
WonderTheLove,0xE342C8D2c770aEf29Be1a78277E849165C9C3CBB
altosinc,0xa5afaff5aDa241d036162ED7Cc2e6aA72FAe3839
Apalapa,0x3FBAa4462ab2F1A60b69BB9370432bEe5e768045
Dinkbmt,0x9ea350eF38454cA9766c18DD613A4F072F81C5a6
IncognitoVito0,0x8dD31D8f6A9C7bC1ec2314D9ecb60541f0dD4678
whattheclap,0xce2DA19C5Faf3E04DC9AD62DEA802b2BC51Ebe2d
veqtor,0xBB69b1DBecfBafF7E4F8c9636b322b7a85c58479
pinakinion,0x226A7b4240b228aA95C5DFF29cfD3b61822EE4E8
verslalune,0xE805595c6cB3C5056A3BaD76464388cbfd681a83
morbidru,0x465A4b7F3bD9526c2f4433A8D90434BC793b8aEe
LeThaLxdARk,0x3f06d157aFbA490D849a8762371386EFd57F0BAA
norinme,0x3C85360373149895B8bDA4f29fFd567Be798FF44
Finch0s,0x11F681996D4260DFc51831c6eCC00349cC585670
real_rouse,0xa158Ea613df331BC76857bB8B2bA68F97fDF2611
gilfjord,0xB963A533f4654F7BBA3135d4f3E5e3DE075682c8
cautionfun_gu,0x98c0FE160B049D3436D2C3c26bF454FcfAD2A8c1
dashby1,0x44eAa384b47178621CE1506a7e947783Ff004c04
LoveEmCoast,0x406cfd7B1010A33a1b6Af9bBb7BDf3fD9f22ae74
pieceofpineapple,0x03F4845a259BF344cD8fb472Eb5aE0Aa0142AE1c
synchromatik,0x85607b59126110D2f33624e19eF929FE75147343
rdgts,0x44011382c5cCd7e4A254172673217057A45528A5
Spartacus90,0xdbee52F1f8936b2746FaB325C96B58aCa835AA79
oxygenoxy,0xd35BB97e6440B103cfB756C2d3422576A1AF0921
CASASToken,0xe793CDd15AeDEFE3B8AE875D8103cf433B43c228
etheraider,0x1dAe45d4a51e0456967CEf698D7f6387e320c599
darvd29,0xc818ECf6C838469FEA40aeAf740F01B291790168
darrow77,0x2154865e8988185bbCc17f8833665670270783f1
Troz76,0xe95488c8817DB5823d8087c09a256618570B034A
Exellious,0xdF5A8be82B6134b52aF3a10d0e60AB53Afab08c3
mikron2,0xAec8e6ad2913ba73c413f6D617aA5aE588C7F1d0
Frikandelis,0x47f8E41bD560a337150E3FB66DeBcAC4B0dEd952
ethiossaga,0xf64BC8DC46138016b79cF440014047679D6E2B78
SuddenMind,0x4d30a3CD1c738Cf64101e699bB19F4f2d96DC24B
Razaberry,0xb46dd29Bf9463E9d230cc6aab4125451Fc8a3345
fuckermaster3000,0x60557644231B31a9E902E5FD83F207c7BA269428
GodBody_,0x69D6e6d423B05e50d4B25c50963e11570646431a
Denjin-K,0x3A0E2B62d7c34AF8953C9EB4aBeC96f194465b9c
boodle_noodle,0xB93A0562Ff8E6Ad8602A1Eef1f2C37FDa9007eF2
prais3thesun,0x76dc3a5263D99AD0ec071A9ACA77810BF01120F5
GuyJulius,0x13d385E4Ff1C93f0a07491100C29b93414066aEF
dickbirds,0xD960DEfD11f549C23bAF65ab2d2d43E854F618E7
datwolvsnatchdoh,0x46716FEE4B49f44A0868dF61703FEDf1A91a20E5
djenanou,0x150c9fED627413Febf215d8aA874160Cf2059228
torofukatasu,0x76FbFa5e4D88Ab07174677158b6d7aB48e71eeF8
CraptoTraitor,0x1ff907aF09c24D0839C347C1D91A9e0698a56C1F
Zeoxult,0x85E50D3Bd8FDe47785660da62FdA3551d9c45F84
kevo888,0xE2fBb2F9F2F541FE6dc496CFf727B217994b2B31
ordinary_usr,0x51774fB5E2556a10c642d73ee5C4eeF07B808A06
BarelyPajamas,0xEABC30a700f4Fbd65e3aDD477eE191d53642241E
noxion,0xE677DB36576d58113441A993C48004Bd053C8d0B
I_TheAndOnly,0x1Fc0DaFcB9e8efBf2Fd6527BA08464EA290842Fd
theanxiousbandit,0xf913a6d7c8D3997c29D66fF872A82b2d1a633c15
mikeabundo,0x23C0954C4b997c58A1544717dE90C8E174eA194c
fishyflu,0x9E2bC5815a0fDCBb0c77C2D369F27C45f588438F
thereal_mo,0x02F538011B0815715F57B8624f7d820c6b841A3f
gonz_ie,0x74aB64AEeBFE390207BE6a285B3A1442cd3ec449
SmileWhileImKilling,0x6C397Fb5d70fD507A6B5037cF206aa16A558D110
extravagantjiggle,0x29558bb2884730C5f0a48d48390452cc028d18B4
Maleficent_Review_73,0xE53De3D3dD3d1F9f626B9D96f4860fB145f5646a
FrankyThreeFingers,0xbF891074d21660d538ca0911a76c705ca236d844
ErnestineKraker,0x1644aC14aa9C682a3B79533EA8A3a07E9Ff57eD3
tommysRedRocket,0x66382ac45B6d8Cb4f47685e28b61FBb5486817Ec
kalamansihan,0x0A663E9692AF663141653E0F5Ef8D94C1ec9CFea
Ryamgram,0x5889C8814c22f3eF7126D21d7405F79a699805ec
tastypic,0x26F37E0C37E68be28a6C42Ef5D2cB048e1ACF409
CmMozzie,0x77c7e5f4A52D06A59427390f163207455bC7B628
PNW4LYFE,0x63f7E45C4276e10Fc52BBdc0006E666C30A4dd3d
toogoodtgp,0x94AdA074a54c784b2086CE230b2b55D5b5A04c26
cosmincebuc,0x2BcCa55b28c22a235C7D6449978C0fcBB192cB7E
arbingsam,0x0D77b4C6916BA6dF46dCbc4809C204dA9089FEE2
Yoggy52,0x83B8aC90E98B07136fa4412f2d1C161B292b240a
insecteblond,0x1eb450d68a5dF2BA76021ED102b120E356C87b73
ern-x,0x5FD00Ddf251010B2d2E1E808796F6307c9c6b0e2
Atlasstorm,0xaD1388B8ea2617c8683B4797c67B396901d699De
xyus,0x85eD0eDc69102B28839a8a27BFC6CAcBEa435f28
Unitedterror,0x3f60008Dfd0EfC03F476D9B489D6C5B13B3eBF2C
Lauwie007,0xA4E2C5858d793632AA316A5b123f17477A917648
rafwaf123,0x03CF93D0e420627a96f6F77c136DAA2e0D713cfc
almarti2713,0x335C2227B4c7EAf351D99883f63906fA0Bfecb82
Larrypc,0x2536e707eb6121053078518285abC84914B2bfd1
deejayhax,0xa2e73c800aE76d506d46e002cB14d1D4A08D3199
neowitthecoin,0x5C9985FCBc2ccB578E7a35668373b03E5585f7e3
C1t1zen_Erased,0x396E4bF204c736030BC92f0f1004df047106003b
curiousmoon,0xa8005630caE7b7d2AFADD38FD3B3040d13cbE2BC
juralexmachina,0x2Cf21Dfb0CB4f253333357f6d11EDC7999C9aC5C
BestFill,0x7aE6d4B866754aE04EEB4b9D9909b41F5Aa2e067
LoloCrypto,0xbf1e74340d16cF36ce2b99A320888e14dA6Fd33c
chainshotted,0xe017a8729C607f5E5354A422c660D5D716E04634
superfilthz,0xB35744A4DEF8e6Ca0652E1777d51aC2A2cbDCAe7
angrydeanerino,0x1621e4283968E577F5D0759F643aC9979BF52eeE
bigron58,0x3e0b2A332c8c252EadBC039D27e3a53e89E85b23
gryxitl,0x036e6ee4Fac9C94a6ae7C8E267d10130303B80E2
CryptoEqualsFuture,0x36081533d096D67586441D1554911a9564BF759C
SevenCroutons,0xcd8D424e25E1Aa201091F855a81f28d2556988dD
MoreWindow,0x32844FD085d7A974f8eDEE1DF287DE82F5CB0d1D
_madmat,0x76205926914e23a5594521276a20F70729F8d5d7
IcyPirate17,0x3F4cFca0789b53E45c4fbBdDA2ceBD62C5623E44
punis1,0xeAA089a091671bd50D7b70B9556eCb44Bb579Cc5
CoronaVirusFanboy,0xdBE4747dd662B78bf5F304842ff9266Fe45d5Aa2
FireType92494,0x0058d23E11e2AEe9C501201228D5ebb8674C2E22
localethereumGuy,0x66f36E3993C4F410EB2B3Ae1399864384e7A4dF4
marlon99rocks99,0xC1fe9bd63c85f3504A168774C10BC0dddA321D1b
raztacraft,0x125FFC3e54dA6d760F95bb609Dd96823814564ba
hegedis,0x00946ce3D6a28eF2C738b0CC394579fa1A2d98A8
carlcs3,0xe24E5EE9B18319D9fe1cF295AC6b7FbaA936479F
JossX,0xc6eD8696c4885DcAfdc73C5Ef28511e02568b472
EarnBet,0x9Bc3d5e7b6bcB527f74C886Aebda20177B45da85
ianazch,0xef91ECd0142aE4C5163B2CF060c0563d49188C82
joshuawakefield,0x1b1eE3E6b2673bf0F2E260E3F8A1FBDaee2C6eA7
LargeBlu0x,0xf15bDFf7a1f2F5D7C4f7cFdAbfB669Cb2630f86b
CaddarkCrypto,0xaedd3b2541ecb681816007190A7cdB8624DE982b
deluded_soul,0xB04d7EFfdEDCcFAa405BC68C5bF73153F31e0b1b
Papazio,0xa1f712743Ca1a9e78218969E1046d96cb767954E
TheGreatRedBuffalo,0xbc02243EE6033D98B3Afbdc9F95b357f465431F2
nibbles360,0xDA068B5e6dDbD80ae9f2150F1aA2F8292a8D4702
DeDocTorrr,0xFD846b4d9CFE43493356b29AB03DCa61a46ba01D
Jef_Wesb,0x3784f1663e3eb6658Aaed6A1F923a71026B5ba33
scumido,0x2b7C47eBe81d8F878da8F39C0776860e847067E7
booyah2,0x8BA01d0C4E18e6F06F30A85689e38F71FF65C677
coinsquad,0xD7327A6EAE17A5bCbb59d6CD4D8F67900CE33245
devboricha,0x1D63d569c1E02a9EA187905F95d47B7701AaE3A3
acenksz,0x13d75d9435C8A995AB869A64c6D1dDdaa57ACf88
ppppolet111,0xAc3bde0396467F7196FF6C76Bf21CC341C1A0303
salil19,0x59e9d2Aa9bE64Ea7C1E22a86e166BE6382B1ae91
sushiisgem,0x8E5D4a15DA9C525351ABf185fb67e34e6cB406AF
simoneztra,0xb77f10994e6328aDCD8eaf539473246feB9EDaAc
yieldoraffo,0x47878eC5783BD8c5360a05c2d5e322BEa8D74613
werd22190,0x03E03cfdd5C75719ae436F3BC4C7085756E29c45
synergy99_eth,0xC61b1c0d49eeB856732c2b22f9bbd868507586e7
wangdangon,0x65229593A1F199CcD762eA0B76Db01d843F9dEB9
losgapoos,0x29743CDaDC22EE28cf6d99fadA1693a038c9743C
stationfits,0x2D40F5BC26BD3465Cb18B999FDC762D9EF12FD71
Salt_Flavored_Games,0xB3AC9bd60d3FB9891449c10b84C72C5F20FF778a
FlyingTurtle_kdk,0x27B61c5CFF2D7d916E00a82eED2055a00508Ca84
Dajukz,0xff4163F1ef7C65fb11b5Fb231013f9ab3795b8E0
Deivids15,0xb1F8dc016bB5c0428f59C23Ecd56402B46348B04
adamix24,0xE916E9de28ceBaa09F2baAa4699F877FA3B57804
transfer2020dab,0x0ad2146502645670F30629834fF907EfD6065D4f
Kuroverse,0x1C42F2fCc9c7F4a30dC15ACf9C047DDeCF39de06
ubsoftolo,0xB9D2941b36222f222B35cA5695546a639f67f1FA
FungiForTheFuture,0x7cF0d105cB96c496bc1862603d24cEa4F957f610
perchero,0x645aAbA39185d6F2d2c9e63Ec1c50a31bF633DA8
TheFlound,0x0FbCb4b28d525e2599db8aB0f363487b70fC2eE9
pepshake,0x098596B32ba8808b243d697c42FCc0868993A6eB
RoyalOGKush,0xcd81Ca3468575AFd68D5dB5F1F3f7ee821C9A178
phlegmwad2,0x3fa6A04037c84d21CA3caAe4B996507fa13C0d10
thinhouse,0x757841d66a9FDd663fc6CaeA5a0BFd9878f5B191
AP33RS,0x64EBf05251d8f4Bcc529F0fC6dbc7491A7d849D4
dick_squid,0x9311DEbfa678672AF509e0B289e1662c8Af2E9FB
SexySkyLabTechnician,0x1eb0Cd2428A36A8213A87758740B35Fa33D936C9
Merkaartor,0x03A26CCB4df2331376250d741FEDE6f2C55e3629
RaizT1,0x7D59E136dA461E1cce556b3ACD0ffa035B9eac58
KX9lol,0x4B795ba8BCc0f125813D13Da5B65DCaBA4ae4Bd1
TragedyStruck,0x9103BEaAb5316Ed961C190C30fFB7C8d5d36CC73
rosedye,0xeefd0F692754B2CC21686f7a7F4d7B4e65FFEa1e
SomeFlyGuy,0x6A42170a84854e5Ac9e43Eb64A39C521895a6Bd7
marrabld,0xa7a3b31636c49Ac0Fb4A2e87CE08764F12Ed99bD
PumpNDumpHodler,0x23d31E4485FcF704Ef8C57679Ac0cA9d274266D3
TheLoneDovahkiin,0x75F498Bd58c7E9e4D61CcdD05E6a7B164f689e75
NicoleJamson,0xc7F7D2e248a16B49273D4DDe825E48447c838CBD
skosmynin,0xE9515AFA9FA2b7C879Cd3e550FBeF515BC541193
TheBCRevolution,0xE6eD0B124483Eb555BbCF01cE3c109c9086B84f0
AnElderGod,0x385644C4C70250d3A7DEAf020602bdF5B79d7Bd0
MariaSabinaOrganics,0x34A6F9c646133a60C16E1c53B753d670b624c33A
ea4x,0x58F4145B51f1C850C89748cb40CC8029C56616D7
SilverHoard,0xcA032661Ee5df330FdA3E9e70c646f37369e1CD0
SapientMeat,0x60a0Eb006bDe19c947d5F27D0AEaf87fc9A79Bc8
daddy_faster,0x3a05ae97f442A81DB97e0067003e711963Ef6087
Cryptolexicon,0x5c69d35c5c1B49d38BFBF62655883451d7Afa74A
g_squidman,0x71c1c84BEF2e7483B69da8dB531844868D702feB
scannachiappolo,0xfe19400b85DD5C1664806359118CDcAdB32CCCab
EthGoat,0x42299C3f8c036dEADcD836Fd24D02baf3026cfF3
Azshken,0xD8338518dd4b89DE68431673b912E28EAc17Bae4
JeepLif3,0x1e40c5AE512cC2Ec8EB9282be7Db72d9E40A1d2C
MokebeBigDingus,0x52627Ec4243b326732878b691166CDC73EcC2594
Audy922,0x53244d810bD540c02B36D8B56215DE976010c523
aranor104,0x664beCD1c7412B34cB850B782F5B0a4fE839326a
GlobalSettleLayer,0xde63450612d7a6696321f4EC76E0AaBaD2522495
-CryptoMania,0x09dDE0761a21469c876b236f9A6c2b2F51b8502A
type_error,0xb0FA0804C6f7E28EB2B2dE4ca47b1876DAC263cf
maneatingkoalas,0x7f8069Dfdd61f3AaAbDFf9F6D7257496733D340d
Mehdi03690,0xa45F23Ac44F569e26C39ADB9c2497bf96d27C1c9
Xenc,0xC1D48CEcff8Ea376C41C34f11d87923CA4c5dB80
VegasJeff,0x0c8a798d43a129dF29054bcaD5fD18Ee16eb66aa
tygas,0x57F3682B026eB7A42e997701282a5bcA9b07fDb0
dereksilva,0xD43a25B442E2C343dAd472A871c5262cCA275Eb4
Vandal36,0x1637d7cd1ab7cAa8cDBB079E94529adC52292AAc
jpnbello,0x85b2F21B858d90463FEa30d9509679F05BcD2665
da_dreamerr,0xEe05858e4D9F363E3f3B5952c33D9dbB668c953c
sanderapitsy,0xD7007528b6375390418BdFF360ff263E2d3eA515
ProudBitcoiner,0xCB5087251aEE160ffaEdE3dC75C91B8002bd9F05
Gaverfraxz,0xD19f8d82daBFd703A1fd7dDE3AdBc6C49E5E2965
d5345443,0x1c5AeBbB3db02969B88967AAfE14628a75e2781e
pokosofto,0x6dDeFC9C22E3c59e42B357C2B841aE5CB08F7e2A
jeremiahkinklepoo,0x33Cf332Ef4c1Efdf572F97eB3679D641433eB299
Bolted33,0xC4d7095A5024eb7070F87045F36aeCC23d5Bf6B6
KingNanoBunny,0xc5FEbf6ba108a277a7d8c1a58A618B0eB6c54537
HomeWreckerJorge,0xE1224f35443aBa0ec103F3E7E294f28125A40237
rekkktttt,0x81Ab9783a5D15992E156bF7b83d25aC2fb2b04A4
sam_kaushik,0x2c755388fB0e4ad36b1FbAc4911BEfc09A419608
jsells39,0x3eadD8BcFE0D33Acc4CFD30752e4d66519aCF8fd
DIN00TJE,0xA4dba1BFeCD3bda584d0588B3aEBcCeb562ce960
fodes96,0x0e0acFa268E2aaD5E222511BE97679fc83E6CCb4
cryptoknowledgee,0xF9A3D66e8ef9B6b20F5e676da6f73E4c4d8a3B2f
fc-test,0xb76814C18FF8744CCc15B879e78b61C50e33175F
Scouser360,0x0920c2B8bCBaF83C9d757fbE022b2d9f38E67829
MierenKnager,0x00555F4f4D0b1dBCD20F0fBc791efd7C88BFa76f
blackout24,0x2D3fac643f3d8779cfab5A17153e3cDb096c76F2
kekehippo,0x617637032b551B3AD720bD334B9c5B38EA27780A
Flapjackmongoose,0x0F46540678c7e6D2eF983B382CC07Fa815AB148c
MoreTransliteration,0x9387918aE35fB8D2579353Ec98106530237ae8b7
seagulpinyo,0xC7CA02C8557Af4FAc471d823b911eC139aE44345
Emptyanddiscarded,0x9b12D2420144F4027f2d9A92EC083A5c023c1E59
FlqtSix40,0x8651d4e94E61D731e7A5F12fb1FC0d168fd45E19
jonfoxsaid,0x0f442A9BdE70D0c503DD3C76F0de17bF3bBA9f23
Threehunnabang,0x1f6992B8a1FE876D1Bfb7270c19b0Bf6cD9bc0D8
c0ntra_band,0xC64AC3b34915E269D7956868502370DFEeDb6aa3
nameicaa,0x1e94bE42d68c7Ab59A516fc79149DD27152eBAA7
qulxer,0x54383a22525E6d008cEB7f3C26214541F9Cb8154
hatter6822,0xF2198e9bd2f5320F8d56286D55BB9d309AfA534F
bagofnutella,0xa0Bf5b240634918c70d4ec9384DbD0111Ef40B42
citivin,0x280B3AfAB5ff0C6D2001D3A00E5386628Bd64Ea5
rexfordays,0x3460EEF753768336982f975FdAbB02892B631000
JulWaech,0x5127C8d44aFfC893f7cc169091f74CEa1FA4F6Cb
FjorXD,0xBE59b8c9F491a74d8f11A5D5037396063223466e
CAT6_,0xD6E0ed50482995e22d0EB7e799DE7311c2E2ce1D
fuxgeist,0xAFd74060d5f9058919ae5B21C3966444818994Bb
shenanigan_dapp,0x68C5ae32f00c2B884d867f9eA70a4E4B6D04E0F6
DataGeek86,0xD824ce71B65a531e3Ea5C92A413119DEd063C2d0
indian_derp,0xaf91f3570F5c25C0899225Aae251A5eaeF286EE2
captainmidday,0xafe8d48DeFC7B96912C638C8900CB71dDB1acEC4
Mr_localhost,0x0A8b89246132a14cfe68a65C50B10B297743cd4C
beebutter4furniture,0x3C0Bc1E37beA130627e6C3533313a8dA4092FbBe
erikwithaknotac,0x23D20496CC7C3088C3F9640fbfCc3d44195eb8c3
kittenssavedmylife,0x860114EBdC538410e58E22e16927EBD1b54A8E20
Canwerevolt,0xe9D51f1E615e32CB8d5527fA8EC630A85D78e0B0
Lebidge_971,0x593973D9F348474f2ED9E56b64f1df2c273022ED
-TimeAndTide-,0xde63b0E3548d8bedfD3999331051ae1F23e4dfBD
Mixo0,0xaCe3692CE9E5F9912583b4c4f1d4831090dF3407
Reordin,0x5042ED574320d668d6Df9dD82Ba5Cd987317d2a9
inciter7,0x9C258268d067ed41C7E6e6042671CE416713FBDE
aesgan,0x7343877B6FE41050d097E2a08044507C30b8Ae78
hantu_crew,0x655a9396a2A874D31a224160a7E080f8A1f3af58
theenecros,0x30Dc5F4b2Ac6641c8cE87d7991190AB1ECb3A68d
alieninthegame,0xb64a86733FD3144E593a7BEd54F73ae35c218844
dinodinomango,0xCb7Aa73fd64b2807390ECe07cE51F1bfc6F60c2c
PR1MEmusic,0x30d49b5C43980891519C5E4029416113b87B226f
Acidyo,0x826F51B323e83F2e2799055b7E39b1661a056059
RogerWilco357,0x3Ac12a776685aD358E9454De0C657C1C4C8Bfb99
GunnBelievable01,0x40C69A4B704Ec8d58bC80B0C3EddBaCfc453d2af
Genshurino,0x2dBE656089396c62E5531653738BfC742b4c2eAd
SonofPegasus,0xe5C37B43EAad5BCc72e0D5C42CB32A5f3eDb048b
Roy1984,0x0cC7dAE1748e8E5371b2e2b47a5D9446E1D46546
macx333,0xec5a60349cD98cE03595b6f19f7865ce06C8d644
420everytime,0xE7D9DdA269FdDB4ca4d6cbCe3017277Efc19741c
madfires,0x3f5518A0636959DA8CC4B310722316ff5C1F42ea
alive_consequence,0x080eB56A0a5BbB3a8bf2E3dc6bf64a05DAa82116
islyfe,0x72513c82198a8fC08bcf48473f9238CfbDd5a299
jungongsh,0xd73BF9c5446DD8F5CdE2487051e3115F7f6933a0
DankestDaddy69,0xC2962b5600390CD9C7043c45F5ADA835401Ff60B
NearlyFrank,0xeEC88627059F393A701E05450430136467050112
Furtive_Airport_,0x1531a0da88aaC813E8C6616Ef306695224D45348
Mcgillby,0xA99F898530dF1514A566f1a6562D62809e99557D
Pupupachu24,0x79473945069b384d91135A821e432682C73a0f23
ourtimeisnow,0xE0B2d7d79Afe8C704b50Afaf0fC6d18f58D21bfa
Tmfallon,0x003F50212F77Bf7C64cfF84d02bADb285EEcCE08
Proper-Option-6054,0x8aFDc4585Ee7cFA20E820E3c2eb9b2719ba32cDD
john3298,0xCBBa9D9531a0ff828C75026E3bF15D6A2dEaf43b
walrod,0x663571D2712D4d889A5bBca8A14276A70bbf02D0
Clemo4Ever,0x932AD07C3a7aa1F1B08b54f6abE6aC25B49273AB
Tidsdilatation,0x5762952DF82c55cbc8798b69A5Cf63D22Abd0336
SkyeTheAndrogyne,0xbD16D56dA54e68796dA58e057e009BBBd4a91986
Think-notlikedasheep,0x78e37746d51197bB3eA4c45d9A6DE1DB5D36bab3
Anouar25,0xAf60102F5532732Fd56436C103Db9614acc77351
Bubbly_Cartoonist_47,0xd2192c64Bcb8FDF916A600138b28a7877d8BF988
mtimetraveller,0x82Da2ac2d5c24dDE3E3aA80Cf6A4A738D8A9E5bD
DonDiegoSanchez,0x6a01D2aDE51c22dFBC356e4aB62D0F328EefE45E
Pastetooth,0x27c14502FF80e7d67dc34B65CA8C716570bbecf7
Karavusk,0xec1a7E731035F4A561734A2313BB35EBb04445A2
astoneta,0x9240D4B5B51Fe17091D74E8BB5BE6655eAAb794B
DemCrypTho,0x51f0Cab750eFFf18921a788eed8d87413fC4d419
Rhombong,0xe2Fa9EF29262a507300b1A77A2064738ec27A5b6
criscito,0xc11cb1EB21773583F2699aCE04a57609Eea43929
wrtChase,0xC3b5533cFED62C10e8fc04AeCbD4BD09312841D0
Drunkenpoopmaster,0x4AFd4655C05466E14B6CC3795690855e066f6342
Lexsteel11,0xc8B6ee0463144A18465024E0C7578579c033bB61
Littlendo,0xFA269F3a545806cea988f788C15205331D5B3208
VERGEOFPSYCHOSIS,0xfcc4a17EcE90aEC39FE26cA2A0c21dd78bBa8573
dan7899,0xBEa17646794d743fAd042BFA8563b1e97518ac1c
lawlm,0x78C5Dc062a541dAE7AeC891575B8e66321EeC848
Prof_Void,0x2c6d7304dF9e0e7687d9Ad72a7770d96eB2fD174
Ntdark,0x3468c8B1B00DD909662C5957EaE646F36f627f96
UranusisGolden,0x7dc183550c4Ecae96B993891e9e77B5eB488363C
BanklessHQ,0xfDaaE0c5a7A56C8265b9f86cF8cd934A494E3733
Clash_My_Clans,0x4034199911D6d9d5b12a05B19d386798071ad66D
coinfeeds-bot,0xd056666321700092B032b2571431B2478cD6512E
Aldennnnnnnn,0xED1015359cfE966871eEADE7619B72daBa46c436
k2thesawa,0xfd6c3EB6776637D4d6b60081fefd4cFFA8232acD
Ropex007,0x9ae5BD9e66a71635E8a1a9feb210AE2851d2A0ae
JoJuiceboi,0x943e03AB9d73Eb8503EB30aD92E38b387e496A40
ethereum88,0x191692F362fC815F39ED894926cFd5E672e35B3E
FurFaceMcBeard,0x821241AbDaEaa39262cf60c219B424c54A5c4E1d
adamix244,0xa917f72B30A7D49fcadFeEBFAAaFC3CacC1c2105
p4madeus,0x63b7B1A497F864794b4b96306a07f08F8C557723
BaconRaven,0xDF3D3BE6a15B9b1004b4cb8B1aa862388B51F137
0xholdthedoor,0x211D893F873C5e7e290bDCCC9bA6a00f4B8eBA20
parakite,0x2921628Eb2c43ce735A89318fd4865A79e0e9a51
Memeboidad3,0xCd909F639eD2b6942CdED406010575D0b58123d0
Robdeprop,0x7971Aa75bDF95C36A5106f5a292A74d4a38b278F
Buzz_Sensei,0x2b8Fcb480f1c426C276328Dc36C3543e73FC1EfD
DivineEu,0xA09e0b1fF4D0160982f9DefC9cb1A13D028cF198
lenopix,0xB391AE8Fc7483770930d1dEAb5a898206E9cDb3F
Frtankie,0x19C68BAEFEdf5675FdAb2dB076e9cc81D9Ba3ce4
kamenoccc,0xD4C9a500E8E262aD2F2418888CcAd3fE6fcdd658
bozzie4,0x5aC81eC3457a71DDA2Af0e15688d04dA9a98Df3C
thorsamja,0x172C2289bfD1163f5903495d90A23dFe96351698
LinusCaldwell13,0x1695A9814f01c0711F181f837282059eDCE37d36
AvocadosAreMeh,0x9F607A042b2b34B70817D7E749778ad9939941aE
Lysergic_Syd,0xC22f4e906F56cBB998EdfA89A4310f99156E037a
ForcedAccount3,0xf5980c292D056c461B4E78767C621a674e855881
oaga_strizzi,0x23D5c0A5B215C360f1fc46bB2ebdc09f7C343602
jjhydro,0xd04557c5D527b846605bD20bB13059443AdafC0b
RaBaTaJ_,0xb5ECBa040D63c9bb76b0324a81297f12AAe38e60
LevitatingTurtles,0xb2fB808c0aE4Bb0B65Db85F5516E9f6c47765Dd9
Ihad2saythat,0x4701B8e23e7A221F1B0C95310E358F4c4C2535f5
MRTN-87,0x0f31482b1d186704a34cd1A42146D67E067fc1f1
Profit_Node,0xADEF4805aBdEB12419621D145aB96a163dF2b39f
EaMobilePlayer,0x3cF36252Fe010B740e6aa29a047e12Ef83A44Aa5
btc_clueless,0x0Cd822754099976A1Dc597501207cCc0Eab55e58
mohiemen,0xA5BCE25cf13Ee5c98CB428f2f9b423c3690A2ABd
kilermachinegun,0x2304efb4d5cb7D7c18C76c551F06143546847857
SweatyElk1,0x72E8146E93b12bC18C97683ba219cA6B03022b65
randellfarrugia,0x93bC2D4Ac15F1eeA940c5af34C6526D32a398869
scuba_tron,0x86C7a0e263c1B39D4e237F38B33C2a5c41582829
myhaxdontwork,0xAF898fc38e04824985bDD9b461b71Cc4e0363646
senocin,0xd0F9Cee67F6956E8D04759a4ec59381e5D0d36b6
llegojedi08,0xeF9706BD2606119Ee7510CceE09462b5740DC6Ad
RAM-21,0xf0d2145164dd95871AE2Fa642C940b39A9c67E97
YoakemsKnuckle,0x8A202eC7101948C52fdf7FCFd57ef6279D4Fb100
Scornful_One,0x0639b048FcAb57985C6891A24bb211eda6518e7E
Plenix,0x702DFa5428b7f0c7520F19DD65590b55370f99b4
Buy_More_Bitcoin,0x003E1e5C8875eCDdb2edb856c4E9F6a5FDa25F54
Trollshock,0x7993897DDfCDb6DB0D855E72096d6ddDb94D3448
supremelord63,0xaB39f8c26BD7B65189EDb6398DBca6a75e8b3099
Sveets_drops,0x2a684a1d716Ee893987a6A7b1277Ee40ceD0840c
TripleReward,0x9E7105436F494938814E5a0bd9284C82c52f9766
Delectrixz,0xAe3604C6679B097D4FBB650eC9f03fedaB00f44A
carrognia,0xF20171cdDD1d0BD5bFBCe89B06f642e9C1104aF0
topdnbass,0x844D29169323BEacfCbA369f550810B6BAf17366
doofinschmirtz,0xb7d20D98Bf7c55E2BF0F4a6de6dC60571fCbb204
Harrison_w1fe,0x487144cA4f5A94289Ac704465eDe7D6175f3Bb2D
neuroderp,0x25119aaB802729ECb7Ccc3430c6cCccad23773Da
vanguard_sean,0xf28c26d1b45724077eDF23e65409e7D8e339430b
Direct_Enthusiasm473,0x3A18D0f68336ac1ACd58ACE97c94Aa7a2d532AAf
mrjune2040,0xa433d3e9B1390e5691Ace268484b8Ac23120Fad4
AReluctantRedditor,0xc535CfdF454110F2D77064443C4310a2C4964b5A
Jcmonnett,0x2E7781F2c62090d65486174f97b12D39eaeb4415
winphan,0x8F301EAfe04DB15Bf6AbD5DF4BE63660419f7502
Automagick,0x1502fAdc3350094370bb3028AD6962B78dA60cE6
cryptoislife_k,0x30cB261c804bA4DF98B764d36097b5D31AD5c1C0
dreamerzz,0x921fC132d2fd075C694f89704059762e5AE94031
lostrapt,0xc8eC20f2D835D861C3391A5dc20bb614b399d66e
VoodooReload,0x8000f0E6b2349a1554a88830E2e38F47B2fac889
hawkwardcoins,0x6282e24BAAAF04c984e8AE7CD0C763709743Cf9d
AceCheeze,0xBbC863afCdd2F790FDbFD6a5190b75E9C2043554
nougvt,0xa31Bd9B912892fD44870600AEf13A87D2c8b3183
elemenofi,0x8e093bDc528a3f20a0AF7CBD6DC9a9CFa77A78B0
djchristyle,0x599F3C0c782f750B3E414Ae1134B8ae9c78187d7
tycooperaow,0xA64a6272F55Dc8D8f0f324d7e42869813Bc16F1F
EvenInvestment2363,0xAE9B648d99AaD1548a212DeE2BFE30F971AF4fb7
bitbuggs,0xf441de27dBBF3CDCbC2f9B18700EA81728F8a522
Raythe,0xf00736425DdA4E77aCfeabDFBf0fCb443cA9a75c
EVEiscerator,0x02cD20DdD768339655E280bB1f275615eEaC5e46
WhatMixedFeelings,0x670e9695099bFd8bacDb66d7dd947ab6257A2Ff4
Desiderius-Erasmus,0x72506a29724C061DbE30625943A5cDD6FC2f7561
ApprehensiveEntry554,0xc8b113432A7879c6B72A38Cb342EAcEee337Be65
pd164594,0x3993996B09949BBA655d98C02c87EA6ABf553630
_otasan_,0xfA82Ac27afDF7576cCBfCE09ABc9D07275Ebc9D2
Nocturnal_Doom,0x6E209e95Ed944e0061c5b2c9A0115475f9DD4DA2
shayanbahal,0x32cEfb2dC869BBfe636f7547CDa43f561Bf88d5A
banderwocky,0x64f5e78cCe008194407998Dd207439C54D0C1290
drifting_dungarees,0xB9321ff4D4B491ac02234fD2528dD1afF08B132d
cs_Polper,0x368Ce545c7dF7F50b45e0C442Fd513935762aaF7
mgr37,0x47964f9d18e65539D5a8eBe2849cBe763c9CD09d
hellnukes,0x92Db8AAfa715D31EF12275e985A6fbb00f948b05
TheVizionair,0x98578F2b9578503c23711Bcd322eA8682F36746D
DeFiTrader,0xAE486e778f979217c02BB07F3fb1156b3fDf89eB
sk221,0xF4dfBF84a7Dc9c36AA753FB423541aCFf889D920
TheWokeKiwi,0xA93e5356F3b279a110d0c8e28dF53Eb143bf8001
imtrader888,0x5242DC2114bb40ed7482ADCFAB07384D069408cc
TherealUncleSmoky,0xf20d2D0bc864f5D1755B2B0b540088211c75563e
FistyFisticuffs,0x7d9f5398BB4c8967F71bA2e8b09BF2aa4746b809
laylaandlunabear,0x653d0962e8fdAB4aCbbe325e71F3Cd97E3d3B5A7
NinjaDK,0xB02EcAb45D8D8938B6d06AfDf8F9c61eCFcc014A
golfballa,0x16ca5373A09b9464920b2be8AE94D906E2B206af
justBambuzld,0x27EBB595fD1Bf6B0B36175F83C606f50cbbF351e
OliveTheory,0x29ebb2762ECa98dcA1A71dF0D4beab68805415A7
therosseverett,0x24BfAC44dfA0c2C6924a34932A7d7CC64a15452C
_kolten,0xe66F86c7d3dc600C90e7A688Dc79ce6f2b7a0E84
jawad974,0xB4d5580dB6772b496DA51EaF57fde41916355079
ginto202,0x8Edc50D5DB6846be0A7b5a304841314d9202E3c3
28mcanada,0x46c522ad7A8f9834e6D0fd35224cC0b5E93D154A
junak66,0x4fDB5692005f802165AD7F6b3f58Dca4Ad1BE5e9
valnuro,0x27eE849D6Af7ff4c6eF9ac9E76Ce96AA241283a5
Mean_Cauliflower_261,0x434CAf6838237DFD863e854477F5a3c16b7EfDFb
TryBobby,0xF8ef9409e2a9aD8fAB79c63A31E8E696Bb0Ab63A
Enschede2,0x08598F4E7Db2F310C8Ef1e5E31F7f1bB2830Fa82
MadLADriver,0x67f8f18b6e529997B5372E1f71b8Cb06e822E905
Rxpert83,0xaE2Cf55823Ba4fC1Ce82A412B3f06ef3FA64CeD4
ramonvls926,0xC49941131C9e035EbaE688c5EFC73a03032f309E
LactatingJello,0x08144F5357ad4cDe70C6C80EeC49e65F8CcE2F90
CowboyNuggets,0x260534ac7D99C0C7d75dbAfE8397E76D05F92bcc
Solstice_Projekt,0x38600AD0e62F7Cc75ff3115d5377DE0DD0F300E1
urgirlsmomsdaddy,0x4084C3866b5047E9297388e07626F468CC681DCb
ETHWarrior0,0xf2B70c5D0AD665aE4038c02F142a0bE4D3143A5A
itsckomi,0xa9504f63F29F60cAB6F55816325e017e1A9466B0
LE_POOR_MERIT,0xD21256eA1B1e31AE22A9C66d18C8095613b9f6cc
DriveLamboToTheMoon,0x36638B58b62ea30e0050D3dE2f0B79873ae625ad
OatyGoat,0xaDA586EC28DEfe73DF6681AC2169a804901aDe6B
kohrts,0x4EF0eae978Cc851aD05f90D34cE58D51D27EB096
streeteth,0x0c626a1217adABE1BF3bCad2d9029993F4Cf5Ace
Weaver96,0x01De86465A780De0B3c6d46Baa6524f89C8cBa6a
wallstreetbetsmusk,0xF8be68B3DE9f24654fe19D1E5d77542E268aeb89
BangAball23,0x488D6C8f17254108bC3968CfC55dfaC8fed57a38
Angga456,0x1fcdFE384eBa31DB76440368AA3405e43598611f
xothermic,0x89Fe4831aAA67aF5EAad905d7e9329eC94e33Eb6
ilaunchpad,0x68A2F0986607D655bD722cd60b9932B5C8ac6260
S1zo4,0xE0fD4436F95ff6c066c14F5Aa074a1d2D71C3246
conscious4400,0xaCc1B70129de4157026E99B70B77B0d59F7CFEf5
M_arkLoL,0x0E66c6113e00e3B00C43754d1C226BCE99819423
Truffle_Shuffle_85,0x8e7a423C605dCff1FE5d1388Ee5e310cC8321631
rossakp13,0x681384C7c8222bF43Dc74741AF9279E0dAEaf39e
tchildthemajestic,0xc9A146786F18e8323b1dea6002e32413053eA2F2
oneawesomewave,0x1Ae5B9D3DD5a7a3cDBc6bEc6B26cf7A73a3f3f58
na3than,0x88c9Af16a88487e43F3A8fDbf1580Ab6399FcDFF
Cryptonault,0x226E9dA4B9C4DCbda571B5a01646C55AE0b5a52a
newtosh,0xFE1C4590d456C584d8a985CF77fa36035d0C6C62
AntiTeammate,0x29818624564A9f745390209820d69464b84c5B42
bdub85,0xCD33e30C0238D9c294531828beDb1d1eBC8e1333
Crypto_is_neat,0x074852401918631377CF2FF57cbECEbC2a0084bE
Airdrop_finder,0xC474242eD21cE34FF26077335F573A75e9f24806
tipsyonthemic,0x7b090999Fdc470A8d469A2644D281Cc3262f7211
reketrob,0x20906E49390851579b54c5a458948A1b08787464
TechHodler,0x4829C05C493D5A73c3CFEef737BE5c5E7D1A264c
Danny-boy6030,0x375b0CE4dBF3E86D1C46559F2C277885c443dCfa
aripsetiawan24,0x22C49aa1d539B8fD738B7FD33A256b212f03C012
jin85,0x7138689a02Cb194Ec2D1A93F2dC2f30C71476Bdc
Sata4Samsara,0x955eEC8E868e0CacbFfDf85BA322A3A8E5d31dD6
typhoon90,0x851Ca7c9E795C117567E1d321Af47fBb2a3a4B00
Johnhemlock,0xe4C5b34069B58E9F5B4807D4c918B987177fdA39
FunCompetitive9140,0x91372D78A642a633DE21D88E3D1d1bf6C02416b7
Invrlose1234,0xFe83Bc8cC3d51E25C5Db433BEf1C887e946FBD36
Bb-beluga,0x75b93b7B3dF723A73BF9E33d8700712159e53491
joyeous13,0xf0cCc0d3712d256Def028532764A07954f960191
tech_consultant,0x5178D41Eb44fe879792F993379A20D8CA72A2c9C
InsideTheSimulation,0xEf8B14f169501e1d9dDe701166ABc19db1530869
torontoglutton,0xA25b4F46aD56652Adb5761FEB0cccCb960F0B044
DarkestTimelineJeff,0xa15499E085B440b04d790cbE24e03597E3717F3A
ScorseseTheGoat86,0x1517F6fC042E38C7eb22575c5FFE4cA8093F2Cfd
MaltMilchek,0x2aac7B8da45c989EBaA79e32824CB1A2b697aaf3
PaulMorphyTT,0x46dFcBc2aFD5DD8789Ef0737fEdb03489D33c428
Earthdark,0xEcaFB38e916e0f1617FCde679C3437663c4823e3
P1rak,0xCff4C4EdD9D08e9bC59A28d30422B56252E634b4
mmushymouf,0x73870A0231b8d859f56bA6Bc91F433bbFFbf5c7B
der_chiller,0x8a5932cD246f40282C5a5eB0fb3246b5F4a8001D
bullygrass,0x9BeEF295F61713b17838B1889aEF87a7B692Be47
jamanatron,0x7eB8D47D1E55e6002983d28A14fa8739CDe9315B
domingo6220,0x5aa85afFD9271a22AC7e2704C68fD50A421D7A26
icywinok,0x0d4b217a0110E9CD1AA3a19978F6d0261FF182A7
Dreampopgazer,0x156176bd9A30a8f3B2bf6FA25c733CA6426ed639
LilDrillBoy,0x103e33c32Bae8E43bfd5a5B8060E1bB9c3A6632C
hikaru2309,0x0BF341C86A180ae8d12f0E7102dAC253CC656810
dwkp,0x77470001dEDB2C92b6e247c37934F6247377259c
IRayzerI,0x20ad27bC3dc3bF97b87B0Bc443f13B8766bdbDc6
Dream8bit,0x65689e5c7d0e1E932f4785C4C896259faa539e82
Aroostic,0x372558Ebf0dA313dA4F90A33FF6F2D03fAb24949
mybed54,0x77527d41FABB23994b4192C8a2fDAc939E106A0B
Vo1ture,0xB1EE651E868Eb6064cE4D734514496Fb99B8904f
simplanswer,0x1788F2c7D8696c02d60783044c8003035Ea72456
Kekraks,0xaf8405bf57607a0572e7E783D927710B714DC01e
PoliticsRealityTV,0xaa3eb65d6D4843A4b15DE6c18E69d3030a1B8C2C
Clam_Newton,0x72Ea334eC0d4629C333383Da9C8AafF4338A89D2
headsallrelative,0x71205eF0fC331fB5Cf783138288c51514584ACFe
Independent_Shop_378,0x436D1c7B647ea5FEbf5bEd6ACd0AF253c70C972D
AnonymousKush,0x6d3cD864271864f2F32a9A58631F22b384bf9A17
Tenoke,0xbd2651977D62307175298f6C946Efc05B991D395
Aminhg_625,0xAAdd34847D74ac3179AA1C7162BAc195E0AA4B13
KRYPT0KN1GHT,0x9C893B799ad0934B4DCfEd6B69f604F06eC54d3d
something-okay,0x9D4194200C489e8F0237e0Fe2fBCDA5548d8515D
lethalriches,0x188C77d06827835f5fe730BDF7E9251967d5F9e9
mteguhs,0xB8978Ed8850f7DcEBB8B953571F52d0b14103510
ChunderPrince,0x6d6d59Fdb384d04A4f095Da0f6e937c94F50Fdff
geerodge,0xb7Df2653F8Bb87e7271B51A06E440d0aD05503fB
Turbulent_Law_6801,0x9b1EFA898764E25F795C776BD0231Fe416AFe704
derpaderp_flaps,0xED661aCfc3804eD0dA22C266F88bCa4fDf91Eb0c
mttyptty,0xdE624BdFcB995c822CBC3fC30B46255455d16e39
Squidmouth,0x18fF34c7a37eCa810BC7E1024f912a9e8BA0327F
SoupyDolphin,0x365602c70d09B1CD0a02bD198D7343a6a14fD860
stimps0n,0x49fc3c2Fa75E685405AF21745B6Ba63A6B6C2f51
blakkat17,0xD2129c439164c8041B53586Eca6Eb56047d681Ba
TheKwaZ01,0x92aB44bdf1EFD074755725eD65D7b23A29712e44
Dissidius95,0x4218DcD767ea92b139e4bcDaa5392B2f42015F70
PolymorphicProduct,0x9182Bb31a3f7c34389f6B2cD27cBA69926026545
xica21221,0x68C34671659e1b62E36dDb890bC627d2cF7C8bFc
Mr_Blah_Blah1234,0x9D040B1FC9b8A5E568247134050B0F583560B45C
cryptotarian,0xFBb05840f992396e1Aaaa34A6d25CCcE86a27559
Eleverything,0xE9fe20A196623A5984B9B3FC915029BB3637B57c
dstayfres,0x4fEE8e8418fFC5c26D73a025654e17F6ff113056
tg_wheel,0xddD4759AF79EaDFcd7Aa627bD908f79ceaFCdeDc
kkchunkee,0xF3A3c34bF227A8B1770F9365Ed3f61BB4e3AAB0F
SnooPineapples8879,0x220AE9Fb9B57a8dBf6F38f5237d696f55c225ce1
iProXi,0x6013d6d120Ed8aD8e60bEdE6360fEcAdbE9b6667
cannabis_breath,0xf31a23F04aF40B32808ac07B2E1B75Bb731f577a
imthethird,0xF53D82F481ed4609dBFE0f948d3001C58F565717
kipling200,0x923b464482644Bf918Ce85c082d090DcBAcf5A94
StatisticalMan,0x7C34395289c45b7235E48ACE318C50d6acc986F8
afkMeister,0xC2b69BAe1F596d8CEBc35DbFc4E3D51f386D7509
Edininja86,0xDE0Bd4f32f2E36DCcbc2E2ff2d8206eb32E36b61
ActualComfort6,0x269d312F04F848D25C12f5bc7e76b9118b666ca2
CryptoUomo,0x16D002Ba894aB59cACa3110146425371ebBBD738
Dxsty98,0xCE01855A2ab2294885D679A8f4e7D6D5F1aa66F5
ddbek,0x805136EE7aBF37B1F98e44CA18b9149Dfd8f62ac
tresslessone,0xC6f6cE5D290BEf1CAf2845e5A3177B76e965f44a
nitslitinit,0x9727EEEC93cBa19290Dd3E90EBab35E2652BeA5A
starteadrink,0x8B48CAef5d55a3356463E2c197EC0fcCa7a2e4ef
Ill_Locksmith2462,0xA88af3148E754B3bB292f86b2e1faC3cC308B5C2
digitalfact,0x12109732e1EEE139a0Fb06cCE18eCbe201706e87
k3tten,0x231c70a550AD61fB29cA9983b80881bb13695cFd
the_bolshevik,0x898Aee7e749a7C34cFA8Bc4A548CD21BF54dfEf1
kushkloudzz,0x1C6A0Efe4258f888eaE7dA6BABd52c9F8791D3D7
Zulunation101,0x8B1510D9aaF015F23ACF13E328Ffb5AB065C5bd9
Balloon4Hands,0x4f39980AfE59D98bC92f5C526D3F400dfaA8A9e1
skorked,0x7828aC9D4A822d2C8F5EB3d710719560059ae86F
robotpoet,0x8cA67c940791a4e461F579b1f90E886875162F0D
shadowofthe,0xc40b1B414C4a50Bb80590c509c34d311c40a6D60
Honor_Lt,0x523B5b2Cc58A818667C22c862930B141f85d49DD
JZeroThree,0x5d1b73835Cb10e2bC053DF5BB94726810148D212
spilbo_baggins,0x1C7143F2F25f7f50E2b27373a503ae2796575B9b
WildRacoons,0x1E9CA47551c7AEb068644807317070fB72Cd9437
CalvitiumAquila,0x3ef8f3ccc5ce33050a709b01e81E6aAC8de44c6B
revisionaire,0xa0961aa91B07efd6B542836d341E070Ca55826e7
kowasaur,0xB67D4dd9F0E25760dC0f373d79588Bd0169b2335
wittekoolpriester,0x30736a46ECC50D77dfb6803FC94196E615C1303F
l3rian,0xe5C6f43b743F794d77D103cAE2077EDD3276d203
Fatleboo,0xcFbCf94362750D2cc4C6537FeCebE050Fdbb2547
neehapolitical,0x46ef2737a6E177E23045F1a07821f5b824029Cb3
faizrdisy,0xc56B964A0b1BcA82323f37CeC34f4EE819338690
CryptikRick,0x394763cde8993340B67bc23F6fB3C37F99a353f8
mrflyod,0x6Bb868CA23C8c933a4168c9CA9aC4bED6cdd26f9
johnpaulcas,0xa6Eb22f8228c074DDeBd759B7Aba8aB521376064
bedla,0xdD115B886F091cEe511e1865ec639fe570A20d05
IHaventEvenGotADog,0xf404C300d704C358ab2933D3203c238C337CB1b7
dgdfgdfhdfhdfv,0xc8b9613dCeAd539bc7D4D24F2976312A265e3ac6
Lawyer_Cat_2020,0x79Eae3DA4eB30f3d673C2c8A49389De6D98adbf3
RevaCruz,0x0957C60f671744bD013c51af34D140AE35ac1b5A
kbs012,0xc1750B79070aaA64C8176DAA8167615dd3BB43a5
bruce_low,0x6169a329434E101B371aACE78D769dd91ff93106
sphotavada,0x8F0C52A27C45451719f55170587CCc88f0508d9d
Marc4120,0xA71441CD1a966C40ffB999Ee6e6776bCAb3ffEBE
lordOAC,0xd40e2e6dA163da4F07CfB8a856309D085094b279
p4t0k,0x5dC0aa3E4C014b39C7f30caDD6a945cac59176E5
Zappy_Zink,0x7AF0c9985eBA04bf1bFDda297F172D76E015aE34
seanyo,0x4e8455A139Cc6ded3019b72dA359aF6a16F7250d
Confident_Cry4163,0xa0Ec1E2B8e32c8d2b0bEeaBDeb13DaB182fDAACA
MvPMatty,0x4c9e67bf20Cfb5B15b46D8d1455de09eB0A23F9B
Le4chanFTW,0x370e359649b609eeA6Ac7E3B039BA637fe9983ED
ogdean,0xA86170b07bc049315345d2913343E9E778536304
Fieryking394,0x9e1C080d368cf227c4C98Bc5DC3d4Ffd781a0187
mohssineait,0x7510E2d0334Cf81727C788456E4A2c73ec1b6270
paulahjort,0xdFBc9D61aC333255Ed1d63DE1bC7BF2cb4643A2E
rompo007,0xC549555c14Fbb521e46004164814538115E232EE
TheSnowMiser,0x83bc1bcd227835d069353cE32161cD20a0268380
New_Diet,0xBE04dFA8274182DF66bEC801A53Ba7f781CA7861
Angoram,0xF116Ba6f60f45616c891a5a762002a04495aE973
wenxuan27,0x3df65EAF60F2470e4A581f1b065769eFF1cB8baE
YashikaFlex,0x746946A76BBCeFB2384d673678eE27aCd595C16E
saw-hill,0x2796Cb38079A708BEf039e33F5F132e84B62c682
Inter_netMoney,0xAa39c98f385AEC99611006B73171B02DF2c64211
fabiocab99,0x1c46718463877607B620aa26d10e75Bc771Ba24E
Wooden-Midnight2829,0xCcEA2B2AE997f0c2F2B65a8D68a30147D54e4112
OCSReviews,0x5298073dd8ACad2E72f07CA3Ee1fEae1f5B32580
LadyKillaByte,0xc63168E13Bf5C1e6aCEF55E42B92BF247CFBefb6
checyrider123,0x2110993ccA7005EdC75E97336b8624061fcad184
Fuckk_Monochrome,0xF6DFE8CDA10fF257D0584f2b6833Ce9DF66CFB03
blankey1337,0xa1c3b10176929177c480112130161B4f7d714369
PhysicalAstronaut4,0x4438767155537c3eD7696aeea2C758f9cF1DA82d
Waldoisdead,0xCbAbdde8697342a8FcA5c1B2245913DDE2af05Da
FharzMusin,0x9FF99B69778026eFf3311Ae642E293207A751325
SnakeyLotus,0xB7b6Ce59D2E6C1914b39C96C61058D4EC26582DE
Phantom_Engine,0x6EF00Fddb98F65150D54F9355A22e4ECEDE30FdA
deepdominator,0x3A52343679c0013b57d59B8E94Fc51690eB21f79
andersonjdev,0x0238A10eD3340632b387F787Dd04151aa8676F18
MrCryptoMuffin,0xF3cd7261F2515C815d2bc0BC509Ff38e45e05d6D
Big-Steppa96,0xF5d8F53a36C4BbeF078e352ef38cc06132320d3C
Tsokos,0x72fe28cd1B0159Be6a18298678B6B68a79949303
astro371,0x43F7C36E4279602a4ED68A64508A641E1bDeAe12
coladh_samh,0xCcA55D22D57f7196457C35b4c807E12eA23F3Df4
South_Valuable4733,0xEb0b664f1C5f171BBc1C45E332a753f45bBc56D2
catchycrow,0xA5B593174bF9fE9A4E6169057814185e79eDc135
Beenom,0x645Db4842E4f5d598191B7838948580a8AEB773b
skapaneas,0x66cb1a26a515aAF2c4BBF20ea4bEd2499742D7ED
GanjaTester,0x85deC453D19b3613DAF0575d37dFC307395e86aa
Arlanza123,0x2a0441826a24Ea48DD604BcaFF45e40e72A1F711
redechox,0xD9a0A60b725Fe95179b7a8Fa9A173927Bcf35896
fvsed,0x5bd1194a9dFBD3622313d1c782f7fAaABC4443D5
paper_tail,0xfAD4B23296ae0E40545CE0d53aAA389E77Fc08F7
Marusova,0xbBb3C85131Af02fC041ab56dC75c519c0ADC438B
IceddLatte,0x54D2ed0DFfF56D561FE6BA3E8F0384c8abFbAd06
devcrvft,0x5CcDee7e7ac99Bd932feA2D2d5A4cb36916f9dea
noxtare,0xEd7eBBa2Ed44EeCb8219fC7c0aC49b2D1Bb8a737
DrPoptarts22,0x416CBDb27547d4830c4dE6bCcd43f4d9a8161845
fizzik123,0x641686f19d45f8Cec14112213866F3ED5b780661
Sciche,0xcB59906A33C21f74fC13e55373bEEdFDDf92a7b0
bastardofbexley,0x3fA6cCE9d0dff5458d93cDe6744ad0530EF63369
Sb22312,0xc7e743223185d9eD6B0b7B89e204E056eC0D1B47
Frosty_Noise5925,0x30113aaE6F6FFDfF63C8d99C4476FD64f30c9a4a
itimetravelwell,0x4eFb7Cf003a5Fb499F857461881258c5376fD3c8
llamachef,0xC483287d7E6D2d5427444b7B5690794D5C886C27
Lockheed_Martini,0x933B2D1CB2cB8c7c7Ca7D30abE4AA68988e97A1D
tian7_eth,0x31a1B3F53761716362C7BA48D867bcf99fCc1C3D
Llama751,0xe7B3A3590dEBc1c56f3a8Fc610421c25B59A8C47
Nickel62,0x68d2E117B2297e5161209788f9915D301d3cE532
MauroGL,0xAB8400fe484Cb307f2f97D4B6D990E2e8b1bDBE3
taqwalawaal,0x9A74a30ce2F741B837B37E3CDe7d1Ad7d852f379
cuiet_,0x5622E87f0e6F588aC704DE13727EB1f21a08070f
imhereforthedonut,0xfd424D7Bf72Af63884A882C19c67b3fcc37822f3
CryptoSurf3r,0x0748C476c1f90dB3fEa8b37c52c8971e55E07384
Alarming-Candidate-3,0x3AA6cC51a6FdE9a33Ba09A37FB12199c40C1149c
ChoBaiDeng,0xeD5b116E96F0f011A089e498D4dA21e596d03F4C
Tech_Investor_,0x835430757A46C26dA2f09e0417651B9470cFb7A8
downwardyearstocome,0x48ce47188C29a7E014F903D159a9C4d1f798d14a
ElectricClub2,0x91793c2e120139C451533D69307879F5d6227CC9
Shannon3095,0xC18Fd8Ea8D35d8698eABFD0730e6ccf240aD9622
archimond12308,0x83d880Ec71546746D24e7fa28E1eA3964E236d82
Zootage,0x295b2c701012524DB9Ac3a2275F06C4C0b7DE33B
Pandabehr,0x0106f14eFEa8F122fE74763b7e4377cD86cd975C
je-reddit,0xC4e7d985EFfd081dD20a01f155DF4d82Da778AaA
imaketech,0x6a48cf313173601AF29A43E53eBeC1D59D59C075
Hanatarashi999,0xE0920D10119BEc65a1603dBAd1bD646A048310e0
YourPandemic,0xB385b91Db95dCA394E7EF865923F62c244809890
Legitimate-Toe6624,0xd6E03E0E637E62a801F868Fe31834642c26137f8
abendigo,0x2109883217b5c7d3fA3b6e0A21920D611df0206c
BasicSatoshi,0xe2F23da9a17a70432765c112c24A96eA5394aBAd
mstrkurtz,0xaF47b138D1f46BC449F31777fe16a56F207217e1
h4ck3rlik420,0x7602D4a315f958BA9397B4F163852392bb514C79
graszitrone,0x36395aeE5C1107DD199B6FBbc5936822448d6dC3
syzygy00778,0x5157ea7C032eF41fda03095BD463C139D2826563
LittleMonsterMine,0xb902c153602B8ef35889FfCBbf3d7B50ba962a44
edvyno1,0x6f2bbbdf4e93aa39D36933d28Ac2b1253a17aa85
nevrote,0x1B79069a182C229D029A4ed4d4Ac8C1ff128Fe95
Sappleba,0x19B8B01C47c816e3fBE5EF2da85ffA4d07116bC5
rustyben420,0x6f4AB16b00bd3658D21ec693FB8a5E7519Aa2a2e
Sucklemymooseknuckle,0xb71543e46479e89c8fAc1F3bd1c547833120eFEF
mikeblue7,0x7Af7cA67AA827F58e0659C52a641aeE55a43B535
jankenneeks,0x8601f1d7111B4CeD1e44faF9C2185EfF72d1371a
Thahny,0x7Bf9BB02a73183d19F975aB6a292b1cA5bD84AcA
freddymilkovich,0x23d96d11506cB15136d3a3b802E50C93337105E0
EarlyToRetire,0x7aB4EAc611635C2B3eFa63f341F2dC1d1eD2B7d5
hwaite,0x19dCB05BDc5226eEa5d908Db0DfC94E3bd755b50
fractionofawhole,0xc25c912Efce700Ad1042CFaCaeF145195217BDC8
HypeGod_77,0x825c3c1c1ec17D00bE40b5Cca5a1A3FA01319b41
younggoblin52,0xafD64AC94E87A008a59620aF0E0d3A98706B74a9
MortensenCristian,0xB8DCCA99B6cC79B7ce8989048141b3F3E71Ab201
paulosangeles,0x8B81a99767101a823a7eC8D948E3A622e83F2c9C
xrp-forlife,0x1D24f258379780615bCE0dd6C6ee8C578D501D3c
throwaway_sats,0x9ad035DD27100A2EcD72c17E27d9B8c9C181b34b
Unossa,0x0d1F015725A9c0623965de4dF195e2f90d44d8Cc
DonutPed,0xd196EeeA6C057452a213b6914F0D475cdA4A4e69
BackpackLily,0x0EC29DDde15C41A55B42570191D08149f6C44203
kollye,0xDDAA4E12B63EB829Fdd1e19886a4470E49760DE2
Vladver13,0xcF38489141eF9eBc7db7C53704472AA9Ef24c621
overpaidd,0x43576C44E3918c25683d8012D4A012acc0363d79
MitchLeBlanc,0xeEcd6A448ed5eabAdfC85d12eC31e20652b1D7c4
GrantSlay,0xf7E14Ffc93c20779B7246dBa7d5863f80bBBE076
Zutilar,0x48DaDE42f48CCE278A60544641A11D36492B49e0
pizzakrasava,0x8474Aa1C86AbE529CE08AF38f61D950b27B489CD
dv8silencer,0x4BF36E74661Fac173a4686A1b334ADa4F6FbA40D
mia109,0xdd796428615297833E8740EF68286f283ABFDE25
LeftBuffalo7065,0xDF5f9627f5296dc981DfE1AE23a41E522899d026
GiggsY_MinD,0xBB665D54E17aC74b9A10aF55FcC98E4E99356C27
snakekralj,0xBA98b69a140c078746219D0bBf0bb3b923483374
sorebody,0xf18699c34243CC667F65B2087841A808659B3dD3
Willowtip,0x0BbfcFBE5c17d12662Fc2B52C710fbc68127CF6c
xmarcos,0x1a0BEB2E0811112EFE5d33f98D5F899A05C644cc
earlyretail,0x2f1A0840AD4b663957d0716efdA500DCb83Ba4b8
amphitrite143,0x7a2ede06847c2A6330EDEe8F7F7B8c709DF3C8c4
thinkpaduser2000,0xa95fA283EA0f64A684c670B8c2B7724070E89ea6
UniHotGems,0x41391CCd08B2d04Cb3dE32404e82a0aC25E3506F
jacksonobrian,0x38ab2e1EB06Bd1c7D398c12EACF582091BCCC8DE
diegosaintesteben,0x6B5f46527C9Cd5d9d3816d29A22dd40bEE6E3734
ScottChestnut,0xDb1068DE3893a8e6A670635cc48df4309f4857Cb
escerade,0x754E009eAdCa80e1bC83101fAf0CE9554439b96b
waterguy48,0xDa98e0eFe0000f57761eCD3770827775692d7b10
mytzusky,0x60fDc9f7c9E50528dcF11fc19F0eBE7c5094F32E
hersic,0x4aad3Ffcab83B91F4F396297eeDB271ac9B22890
heyheoy,0xB4ACa4d18C3F3AD9Bfddd0A0dc8F669d51798dEA
Vegas7899,0xdA3D8D1fd52FD22BC89083394d888d1472C9Ee32
mlevin7,0x25e505E984aFB4CE6320F879d0cA5cDD145e2893
sayf25,0xd2Ff2cca0a443Fd4936D3dFE8f935639C733d135
Lmbxlmb,0xd376CddA1F566FD1464474f717bC81F59bC313E8
ristoman,0x69469d25B5FE2d672E3F335ff092b30596a21353
rockabyez,0x7e0d6F45346539E08054B1fC49d03F5e3002d13A
Informal_Alternative,0x8De5d22D4a4F5DD9e5304A7ABfD628Da00BA0d96
RipMartian35064,0x744926Fb0535771634b6a4aFE61D9ccA0B2150a6
Clash_onthe_Can,0xC16d1Bb0103B0c351Dc58e1EFaC5b64D785FEeb0
keeperson,0xB07c7060bec6ED9842Ba28F1DfAc20D02Dec8441
Dry-Cryptographer997,0x8859ec6885D5a1b4e69580D55340a86a2Cda3273
HiveGrind,0x319dCf4FFE35b7e620afCE071Fdb63c394Abe3B0
Beduk,0xcbB440543F4d5d8e3c2e503dBAbC7577B079E821
Apollobe,0xFAD53182FC355056b731a726f3B8F2279a8018Ae
IIIBriskBlackmamba,0xD34A7095B8aAd4A4A125a2bFaB003A030f319Fc3
Hungry_Davis,0xe4622c418481c4d51Fdeb2e19A2F841719107375
Accurate-Ad5252,0x3Ccff23F33d2488D77E569bfAbf8Fcf7434A8D16
sulgironaeth,0xDf2648a1121ca2Cdc3363250bF9Ea80a15c76957
ngl8a87,0x8bDbaBA0B02511845eA7E1c65e8731E0eFf2f9fB
nanofied47,0x1848f303E5e35f1370CeCc75796cE8d912c737a3
Erlnd,0xb678632066f7c993388954733508559Cc58ceAb1
ffspt,0x8e13F6e2ce4Fd0E12cf103da14639E30b07FF13E
frasola93,0x914A75ba335ecc4670c42FF37A8B2EC8128af554
Exercin,0x268a7Fd99E4Da945a7c88F6A04F0E590F8D24Ec3
neoglobalparadigm,0x6c8A0DFDf0FC7860a249b73Af3044542DD149203
Lanky_Weeb,0x62bc489924C4568507B30a17e15f480a45442215
seiszero,0x7639aeE793095eB8A4719889a3C87c66B496014D
Little-little-Mike,0x67789b2187DE470E753e10D7FbE55B07202Ca959
Kingsnw,0x78d667Fa684D6CBbd0249c81c8DE75b42Fe82499
Pacmale,0x4d6Ac05b8C4ad5C0d42EEE6Fa894982dB40B0251
Retro-Ranger,0x879774382A58EeB6f639062A8c9B7b48FB482576
cleisthenes-alpha,0xF16D87CE8c0F48Ed1Ba51457dA407ecc4c6a46F8
indiano_reader,0xE0cB1B4f6bc6f2C4ef7bD37c5B7CAd769515523c
JegerWesley,0x75E0101080d4557CA61D274F7aE4652B05eDCD9f
Lupiix,0x419B946CaCF01CC6D96b7420d6C63f2fD901f58c
duylinhtran,0x78529a5325a7CbFe0208A6fE99A829EA28b09946
johnabc123,0xB4F636737Abc0F8d04Bc32bc0A920AbF8d56cEe9
ImperiumInvestor,0xBA199183b8C03d366580d8ABb02021BAeE03D0Ed
Psychivy,0xeB296FC0b2a9712b32b1003edBFC5E409662686D
DrexRockman,0xD318747E3d5dd706C692329Ed272164400D49202
bruhbruhbruh000,0x85d48fBC53f33d54353E70013c92708551125057
i-love-the-pink-one,0xE5972BaFD248F5C8055735f45764B7A2ba3c4c1B
tragicxoptimist,0xCF8A437C94eC68B9f165e02B2890DDC700C255DB
frost_mute,0x5519627842082b3D219685F29db5cdB2dDcF158c
optical_519,0x8F713D04B8937b6a287401704C80f8E7b3D3aD40
Stunning_Writing_901,0xdA59817820426C26d869c46d21204f20B3B8C39B
maximuscaesar,0x7C2d6e53Df689528675c8c2137F052DE8D0a27cC
TenousLux,0x4e1E28E573711af945128972D6cF854Ba881788A
hugeadmirerofmudkipz,0xEc0fBC4Daf3F07A75d85B43bB5637c506A4c4fF9
thenicage,0xFEE3C6d6BF902001e59a0FD3A46204CF57a71C53
nobluntstrick,0xb6E85F1eE579fbE108Df79fC137a8B6716F46611
stevethegodamongmen,0x86372E71933EFb5B4EE5E258f67533cDC17b9804
poot-toe,0x8297936bA1feC23dA054d03c72eF4f7Cf2856D0E
machinecraig,0xc5Fb1EE1872f0d5AA3FE4E23E3E0e829f3B032A2
el_pipila,0x7D75bc430Cf6372cBDa70E9c499c5E92789D58ED
oaplox,0x29c261c0576A9d4b2e1D79F53b4dC219D9b29EB6
rfikki,0x8394A052eb6c32FB9DEFcAabc12fCBD8FEA0B8A8
titovrex,0x155E128A486d9DB119db0aAF706cc5094eC79014
LiveFreeOrDai,0x29aD3317a7E230Dcf30438fFF631c9ca6d733bBd
shhbrunette,0x9229D065033E67c57144348E901b96deBCf0a767
Many-Interview12,0x04fA0656791fe0c4Ebbefb3e79905ac3b2082907
aki_gold,0x363DF17CBdCd4A6315F3AF133523c108a8624f7C
starskyyy,0xE841AAFd376768B4b8093d44A35e444741CcB7c6
RoseSelkie,0x4CB42a398256c46F60CaCC4fca147CffA7609dc4
moebiusyo,0xaB5FE654fF80C15113dA1924CD16b30efC1A14C2
AbsurdPickle,0x2eB56106Fe1cD01703c4Ac5e0547278c3CB4F4f6
Adukkadu,0xFbc8D232d7976c9F82108FA183358989Bb8D8fD1
nach74,0x004bb281B1C607e64A25E9465B86F1B067C0cb7f
strooperlumenati,0x5901a9d0c0a369385E64749239190a275497C10F
StreetAstronaut,0xfb36c3245A29c2E29cEE61A2553ED523c35fA879
false_athenian,0xb31451f3bc5aC60Be05777465499F2652EaBD032
Squinty_the_Exiled,0x6C4952a4Aa6DB823fBA3B30D0FAD85683dc90eE1
realedazed,0xe00B6e13E0222B1BFAEbc125b360F1FBb5d9DBC9
stockmarket-info,0xd248671893Cd0E2381002d377E55F45bFBC72530
ChenYuCrypto0503,0x0a590B5bFd41A6ba73c1D817D39875a2Ba11a11B
Veriztio,0xDe51333c50c42196648691C0960A1CBce79D5ED2
Coinplex,0x1704e52c0B081b4B9293AFfC6dBd50Eaee688745
mtdza7,0x00d18ca9782bE1CaEF611017c2Fbc1a39779A57C
Killerjayko,0xEBa0aDd2cEDb1c5e2C1Bf62619B7c1270169aec9
Zixpunk07,0xc42DeFF8D5d5537AF5eA33f5d4D52f5761BcEC4d
mashtun25,0x9980B4AC37f8CE0771940cB888B83a8Ac211f339
dirteater35,0x4c4c26B85dDadc77E5f8EDA23C4E61fFd7FdF1C6
bees4thees,0x1b6E0F01ff62cB0B0f85F93518163F93Fdb709b4
CryptoCryptos,0x1E38b8881947eE63EC35186dAe5474EC5e737Bd4
rohollah12,0xCc118264e9182f49e0cF0e00E1c35c273d53c88a
Gotigers811,0xb2010b3B9e1d60933df001a30bC2A8fc523B2241
Wheeler_Dealer1,0xE596B99Eece300F0BA4b0311Dc57337661aD4B68
MelvinKaasTosti,0x745b56043830371D2118134C1dA034a40Bc41Fc4
AndersDander,0xcC94Ea2aa75a7299b3D78Fec584CD01a6A27182c
twiguard,0xC8Ccb76A8caE8A0679E65de5dFeA6def576283D3
dyslcxeic,0xc559B62D45cBfC98c8652F6d92e2850a2EA7A6A4
MothersMilk69,0x11f8b10C6188887DCfe565a62787CC5723B592B9
yuniarsharin,0x9333FB6be6787eBD44d42ecC27E768Afed0c3c31
KnightOfTheN1ne,0x33B29f217c5bEF0Ccd1C13B4d0C69844E9a1108c
The_Doctor_Bear,0x0595EAd488E47dB9558ce4a0619bcAb799A84b4C
olaffuBresu,0xF025552642f5e46D5A902a3A9aa6F0Df3A4cEcA8
kaloszer,0x92E89d95500EBdd3C87a76d63B280Bfd9851d368
Skylablue,0xa66db2B260f5d661c2E13A6389070980bfAC550E
klock23s,0xA845c994d10222fF3eB22148f4422df21f29D918
dexoso,0xd75ca8B5216B1b36972f6fbF7d6228f420CfEeE4
eyeatedog,0x3bEBdD4F086c61FE0c8595014e04a5a2F643639e
Omi_Myth,0xd4D350e0e7730660E6CDF532d613CDfe775d6513
__zombie,0x601668E94FB78Ee3e1df832b7653eF0cB923898F
spaghettiFPS,0xa9369d576cD73eC101F6fC3130693516a1B01974
RockwellJacobs,0x62F5E9A76f9DEd2B465656C1083134224DFCB1c5
hasCSCareerQuestions,0xa709c6E33918Fc84A390114a3327C56888fb5D7E
Skipwythh,0x9d6E986D74C19645B6834dbF473a5ECEf9EDA917
AudaciousAsh,0xeEAF61935C0c48f8F8cC28C381683d7fA2F75E1c
_HandsomeJack_,0x8B947a3f891B0eb514372689f40737B76c9eAf80
jonbristow,0x2462b68Ba6940CF67dbe4Fdf24C498797463A8Bf
getname404,0xD49c9B43ef89CFf5C9935D71A1d98cAf41c424f4
wtf--dude,0xD095AF292123eBF5e30d3ef6BDA1AB1A27E251d1
loa94,0x7E24fA755d9aBb1C12252CbDE69996Fb8E4F933A
backyard_boogie,0x41128136C7a47B0475DE75e11A08fDc4cfdFC1c7
Penspik,0x407614dfC6dA8ec48D8CD1DD2c070D7A583D7B59
The_Piper_95,0x657242078ff82e86d909040E4e146Ac88C01d38B
DegenDave69,0x048DC903e89C54422D60620b5cc5476B5Fa0C24b
sato-shi,0x9131dEBBEf705099c19FD14Fa3C04c28aFCeBe47
sora_imperial,0x01077FCf4180EB68Fc341Bbe68B3ae3cE63D977a
kischiman,0xC316319950bf01E18748Ed807c05cBe64d48DA6b
4KTFuckTalmBout,0xb68C7D04f38CA9Bf9F1F3B6d87552327253d9087
srnjr,0xbC24b22Fc418d9634C636Ea4D5a79128282B3b07
Meriu,0xf3405fc5EdB415854aeA2D20831D5d6748D946eE
mitcher991,0xE5dc3d4e1E38F64703e20E0A713Cc847BBA953f9
K8_roots,0x2251D66CE25566D6fCb1655fD75Ff65CF62A2389
DonutMultisig,0x367b68554f9CE16A87fD0B6cE4E70d465A0C940E