username,blockchain_address,points
LivingFondant1419,0x3630De8985d2B2Ff2D6f0f5876a368ba2C1A9b3a,10221.5
Jake123194,0x48AFb64D55c79A2E711c14a2Bf903A7C3842baCC,10134.5
Puddingbuks26,0x6361d1737dccFD7a68a969A7f06F9D97a740c162,8697
-metabud-,0x0cbFBa4F440BB48cFc6964aFb09d46A417Ff2b85,4572.5
ALiteralHamSandwich,0x5f9D94CC0071aCaF471Ec711143085E0DCdf453a,3609
420weedscopes,0x4d22f2d09f9E49B014E3a1AFC4f903a25a8c17FD,3720.5
ThimbleweedPark,0xC8e6326C7Efdc58750A5D629055E2816C69306B3,2151.5
Arafel_Electronics,0xd87c138715649Aab580069F24e3716CC56A51C43,1995
Ikeeel,0xC4C3c9b690FA4D7d6485adAAA4dB485479c9dffB,1636
maverick950,0x637667667Dd8Ce90eb3eb758BAb23B8d8C0289DD,2688.5
Dolphin_Dinomite,0xA6e988E09A415d130996138b1353F3Ffe60b913B,1479
Papazio,0xa1f712743Ca1a9e78218969E1046d96cb767954E,1457
readit145,0x1b6A422EAb329272bc1b6435a057847dC9Eb4621,1344.5
YOLObetsWIN,0x22e4b0dff9E0CcD19CcA3c8AcEd282e74A47B498,1322.5
ObiTwoKenobi,0xA8F6947250D8e0C4FD886803eC0b518053577C55,1277.5
shostakofiev,0x143884B56a50c2cE9a90c4029F339672a8dFc1AE,1188
okrim_cro,0x03a8300dbb70BA2415616E800730Dc74DA272f6f,1165.5
deluded_soul,0xB04d7EFfdEDCcFAa405BC68C5bF73153F31e0b1b,1143
chipxsimon,0xF267f0A506bc539990947352C950fC8b12F245e3,1120.5
ghochumal,0xaFd2141A0DE3CE28d4E47ba0E7E94b1f8df02e52,1098
studdmufin,0x4991eF523C86F02B76963e7c04dF084EccF2995e,919
The_Vegan_Chef,0x196ee87CE11A07ec155773Aea61f6d192A9032c6,874
MrPuma86,0xe50B88C71E72138b20B5dB56254a7953D9813683,961.5
Haruhi4,0x12985951Fa7051f0b1AE2C0749C8285bD742A82b,829
engdeveloper,0xEDAeaf9D43d4f2F9d0581Fa8B3C302DfBb201c9A,806.5
GapingFartLocker,0x36D0741763CDB650865c863b7ee9BB62Fa8c6103,672
Pheriagrin,0xD52610504893991845aEf950A33Ed0EcDF93d8D9,672
php_questions,0xb1888af730fB298d60be5726f3C06275851aAb1a,650
LoganGyre,0x8289E32357f716d689578A1CE7382e16B108C3bF,650
WinterfuryZX,0x5B550dDBe20c5581e8eD56d4F37fcE1132A28AC9,605
Sharkytrs,0xE120ffC02ff9E6685aD3D65f998D8e40b4578A17,582.5
Yoldark,0x1542cBd59A301e8b8bceD150c752e5a49D196F04,515.5
Kindly-Wolf6919,0xEca23ebdfDf663d499891a833D22956a6f65DFA2,493
Nave8,0xc179979CbB4B5888381b146e8694753Ca67Df3AB,470.5
tooty_mchoof,0x36D64fC171139Eb20bA9aE8Ff071bbfCbb60e5a6,470.5
marilketh,0x2bdD5A5c7023Fbd1b5d32b9BD46e356e7c4db3Cc,470.5
TripleReward,0x9E7105436F494938814E5a0bd9284C82c52f9766,425.5
AmericanDervish,0xE01b18055603B89Db044F999683D7928201372BE,403
jvdizzle,0x75f5864f395C4c728921a8B3583eE36aaB59E248,403
-timenotspace-,0xa9f7675C9732D8F18182841431A72EE3F1a3D26d,381
Wolfos9,0x4F767eF29c9C86a32ae7e7d51f934c2aFC75060B,381
Aggravating_Deal_572,0xeF61bdb0362cF1481813707FBD9D7485a5bbE1ED,358.5
diwalost,0xD2c1b22FaF77C7327083C73F86E90f71B613e801,336
vlatkovr,0x15b80b2D82dF69E1281AF635c66Ca14E95274049,336
Additional-Bug-7537,0xBA5FCe24425fA4410d2D8eE9A3Ae7FCBa879ACAE,313.5
McLemonLad,0xc2Ea1a3174Dc657f4fcA7C360Be40FEdccB5282c,313.5
alicenekocat,0x5f3CF2Be0c4df420d2f9aa1a7DB1b27a74f5e5Cf,313.5
FattyFireKid,0xBE251b4098f238FEf8d29A9afaeeF5F01b324b8E,291
S0litaire,0x84595DBEFC131Ef4042F86cF82Eea42475C0EB65,291
JannGuerrero,0xd0a78e08d412a1CD10186D8e4592529E19726617,291
Aguaskeepartdeux,0x8F8E6bb6D20fB56a6988F91E60cf8b5437CC052f,268.5
IseePoorPeople,0xF5Ad7aF9c602b49dab250346917D3927d7B05ee8,268.5
byeos,0x9b9d934BE314827e854c2481b4F0dC8320eb61A1,224
Johnhemlock,0xe4C5b34069B58E9F5B4807D4c918B987177fdA39,201.5
Smiling_Jack_,0x05e99174E48053123e4f5083888b14753c53592F,201.5
electricroadwarrior,0x5468187F2Faca5CAfDcd1EB6Ed85335a3c256667,179
3y3selldreams,0x7a27F725ebDcA9A9d63496956A77E29EDC85AaBA,156.5
MkWPB,0x46FdD3378dF1856Ed06CEC671Dc7f8FC44a716E3,156.5
daototpyrc,0xD4F8fdD249ba41323880CefECEBca2Ab590D571F,134
PinkPuppyBall,0xa4f88C966Ec4537B9769Ff781bcf125Fc24E7e39,134
SigSalvadore,0xE469E5886A5ec668Ff1Cd761730A610939c689F3,134
Still_Lobster_8428,0x483183b570690ce33644a5ec06fAFa61d2766363,112
Americanstandard,0x5a3572651Fad2c3f24A9b06516E6E41AB8C2577B,112
betweenthebars34,0xFF41dE2d6D1662EB05e1417228aE04e79Ee3f3cf,112
ThunderTM,0x6E448CD43ce19004eaF0C8af6eEea51652328365,112
SuperNoise5209,0x18722119EA2D21ED8b5E13E796BD92A7345C1802,112
FrankyThreeFingers,0xbF891074d21660d538ca0911a76c705ca236d844,112
Snowie_drop,0xfc2aBf2E25c0FDf1D4a6aF824E17CC91FFA92C89,112
KermitTheFrogo01,0xFd40e850A4fb6fdcC041c65DDC5DaDbe999a0722,89.5
anotherone1886,0xd34d513e271dc89f5B31aCb0eFf49a4ffE4Caa55,89.5
SuccessOtherwise2760,0x0757C3379884621eDD377bB167ac6B4236C9A421,89.5
Dtomeskehd,0x21df8267e9e8b0c9659FB2bC43B7fDEE178563D0,89.5
DrXaos,0xB1d5bBe4734f9Eb4F20632f75385D882Ac540971,89.5
Plasmx,0xba7cFDE6470cfaF598999d62F7678342C2911E4A,89.5
green_0live,0x1c8b4Aaac623C079f8f529b3B1F1136be129ED17,89.5
Lacroix_Wolf,0x0B2EaeD56d1642EffBE7b0E6E06D53f49b1e4D06,67
ThiccMangoMon,0xF239cD581a33559a8AEd90828fE7E735ea043218,67
RecurringRevenue,0x55713ed9c7A87934640A5Bd8b359653867524dA8,67
Independent-Today431,0x158C4Feb9F878B260629997d5A6195D4d3d6Adc6,67
conjita,0x55264a21fFC370074abaF21E4e272e50b68314E4,67
crypSauce,0x16Eed4B521c832d25Ff838445cf63E0c8329eB4b,44.5
No_Insurance6064,0x335C99c5e8d19fB7bC956C7a7A73A117d03a3c54,44.5
tchildthemajestic,0xc9A146786F18e8323b1dea6002e32413053eA2F2,44.5
Vandal36,0x1637d7cd1ab7cAa8cDBB079E94529adC52292AAc,44.5
Tom_The_Moose,0xeED50fAD2c120513E4fCB45787ea57CCf6ed1A1D,44.5
hwaite,0x19dCB05BDc5226eEa5d908Db0DfC94E3bd755b50,44.5
BigDeezerrr,0x9eA0b418E2ece314C96AdA4353999601902DE6C1,44.5
delaaxe,0xBD16681Bbd6Bf31289Cb5D5BddA48f27f3809EC8,44.5
forzagesu,0x7e2372Ade07Bd5bca86bEBc13408E8e3e5960b55,44.5
Lggg1991,0xA113E81619e5331FCD7a2D9A1Ed888cA81f20212,44.5
Ber10,0x67e7712e73f35E66757c868bc5Abb4937d2207eF,44.5
Cuitarded,0x36FaCA9C40C03380023C9329F0F756d0e12dF460,44.5
69stocks,0xB66e3AB54838100F0A555e032399fFB9a338Bd81,44.5
salty-bois,0xC29236dA2212f7589115a53FabcDeB1bfA03ddFE,44.5
Dry_Psychology513,0x11a371987c6634d939Ec6aF8cA591F96eb2c4dce,44.5
SecondTimeQuitting,0xb0cE83158AB1B9A6244BD72d6124b8D0B805f7D9,44.5
circleuranus,0xA32D5A833C11c702dF106519A0417386c7F9605c,44.5
FrontHandNerd,0xBC2be79669eAa764684C88B22BE782e820947a17,22
dont_hate_scienceguy,0x453646b0AD86697F3bfbE61F086F10FBf9954c72,22
whitebishop,0xc78d4e84Ca7990156BfC54436006a0fbdDF036c4,22
Papercutter0324,0x497857fa18b1ed0Cd1d8ed454b502907aAD43843,22
stockchip,0x9D47b9F66414c9f260dD5Dde5732c39bccAFB29c,22
LiveFreeOrDai,0x29aD3317a7E230Dcf30438fFF631c9ca6d733bBd,22
raar__,0xFB171d27DE921b8Fd935182b40C6a82c6c917c6f,22
lpez33,0x66D93f954901aAc212786b1e5AAF888748e19f66,22
fplislife,0xD7aaf8885A07f461De84572ed66044c575D728Ab,22
zazziki,0xEd1c847e13c6BE2bc695Df912F1901f2BA2Cdffa,22
TheKevinWhipaloo,0xD59CaAd715653404EEB053cabE7A7BaF8a3b683d,22
Notyourregularthrow,0x19E930ff2CE62Ec3cD10beE2d57ad9FF483156c1,22
TheOT1001,0xA8e706AdF619e4232E2f61b8ed02AA34edd86d8d,22
mamalalatata,0x7E6bEbbcdAC84a198cC0b424Db83fe085668adca,22
random_reddit_acct,0xD9126FD651B425Bf4B56577f59346E85E8b5887F,22
VoodooReload,0x8000f0E6b2349a1554a88830E2e38F47B2fac889,22
100problemss,0x89a17f8762F0c23d38A05360dD59F3A25F6da189,22
UnfinishedAle,0xE86bdD706F97fB0fb1540e8fC7A3b3DBA8A42C5B,22
jreddish,0x3C6EB3688e0d5B3c3F8aB4599F952D5e2C216A7C,22
Corncobtacular,0x6E51E72a0ab90F30fC397446EE5eaDc6220Ee09e,22
haniwa4838sn,0x790272301A7f5f4964f1b24f422285d5a373322b,22
lepton2171,0xfcfD623e6D3377CaAD435c63D240327f9a848F42,22
jackishere,0x31265d2764E45E24e328FBcA8fffa97FCdEC23dE,22
ChaosCouncil,0x0371a0e9b0C04A0585dA5719058537B2cBC4DcD4,22
bozzie4,0x51c5A814652fd6Fecd14cc650ebcD9b93A69a6B2,22
zombie_hobbes,0xB2f75F01F48c082912f657431EACF2e7aa9fFFa8,22
Giga79,0xA50d3EE17c994864F88a2acc24303860Ebc81F50,22