username,comments,comment_score,posts,post_score,raw_score,pay2post,points,blockchain_address
kirtash93,4095,15165.490171980737,40,32552.526799387444,47718.01697136818,-10000.0,37718,0xa51731189c99832A2ba2f28C6c2dc1Db451F3a2e
pythonskynet,1043,3891.2657751422935,102,57694.82388973967,61586.08966488197,-25500.0,36086,0xe7F3c9746282d534f8C90fD410624333e23AC565
yester_philippines,1231,3243.592008541428,31,29740.888208269527,32984.48021681095,-7750.0,25234,0x97EB58F86F1b67561990C933eB7a8426d139fa58
Buzzalu,2933,9412.162317860957,34,23617.764165390505,33029.92648325146,-8500.0,24530,0xb89CB46A5Cf811b99A3608C8b9e63aD0DE990Fe0
Electrical_Tension,66,70.51286975090062,22,29303.52220520674,29374.03507495764,-5500.0,23874,0xFbF271152D5F4220D8c8340052c2e1E8451b9728
rootpl,1516,5113.48885082457,14,21680.857580398162,26794.346431222733,-3500.0,23294,0xEdc0321b407b165CF926BE3E77ecB6C791f731bA
Every_Hunt_160,4307,15706.088840070974,15,10684.226646248086,26390.315486319058,-3750.0,22640,0x51fa5238F563A48B050bdc69A1Ca91358f1BB337
Sharp-Subject-047,224,511.8712026361674,27,27116.692189892805,27628.563392528973,-6750.0,20879,0x5b3eA1DEFFd61ff316D14770601B03eD070962a8
illbeback_69,58,28.72746545407062,16,20556.202143950995,20584.929609405066,-4000.0,16585,0xD50F8126B10dcdd03cF900A053f5Db78FBEA95b3
reddito321,145,806.9806204825293,7,16994.7932618683,17801.77388235083,-1750.0,16052,0xbE8793cE3eA65A70BdA8C0364981f900Ad80d9dB
Lokiee0077,167,198.4806704099425,21,19993.874425727412,20192.355096137355,-5250.0,14942,0x4df57f4A62f05dDB2eC4e6749677AA8e77740a2E
Prog132487,2014,7409.074499381669,23,12246.248085758041,19655.32258513971,-5750.0,13905,0x1dE6FfC60B876124e315734C4772386192e67d96
aminok,1061,4431.864443232531,13,12471.179173047474,16903.043616280003,-3250.0,13653,0xbEA18A39a1cEe253705eB5e966fe23F26dD109eF
Downtown_Yam9137,1413,6471.514490471545,15,8809.800918836141,15281.315409307686,-3750.0,11531,0x615574714C96ca4dF84Cb7f7dA4deF5990904D67
FattestLion,3087,10785.857484119242,0,0.0,10785.857484119242,-0.0,10786,0x2dBB136D8DC31698ADA7C56E0853C255629d0cA6
MonitorFlat229,2256,10065.059259998925,3,1399.5712098009187,11464.630469799844,-750.0,10715,0x2ccE323E044Fe6669Bc7286f5445A20c93890d2b
actuatorsif5,2356,9801.288895375186,0,0.0,9801.288895375186,-0.0,9801,0x163D17b34cc97C82065b230ff14cA413f36133a9
Friendly-Airline2426,1063,6424.505910637612,11,5267.136294027565,11691.642204665177,-2750.0,8942,0xCA7faf6c0441049e2F449fbA86B77587987A21Fe
Bringerofsalvation,2107,8693.975681509191,0,0.0,8693.975681509191,-0.0,8694,0x83E590540fc9f70EB29d5BB8dFc98930ba3253bE
Sky-876,1097,4280.392352656522,5,5623.2771822358345,9903.669534892357,-1250.0,8654,0xDbE3B1F7bea6c329F6DCb8b9fA0D4D27948c22C1
MrPuma86,3933,8380.585149282966,0,0.0,8380.585149282966,-0.0,8381,0xe50B88C71E72138b20B5dB56254a7953D9813683
raresanevoice,1913,7304.610988639593,3,1811.9448698315468,9116.55585847114,-750.0,8367,0x8ad4F9ce9bC2dFEafF948Fd7E11e9cbd1c926438
rare1994,1184,4988.132637934081,11,6123.124042879021,11111.256680813101,-2750.0,8361,0xd1d0c56075B61cd28f62c3bd2b37647703319d6C
Lillica_Golden_SHIB,1953,6808.409312614737,0,0.0,6808.409312614737,-0.0,6808,0xB1151e3F86D4FEbcc4f75Eb3ad8E6F39104daa06
BlueMugg,2232,6649.102458733073,0,0.0,6649.102458733073,-0.0,6649,0x9a7Bc3F4A5dEbb8100F22BA7C5E057df95046B79
DBRiMatt,1251,6359.216216423815,1,499.8468606431853,6859.063077067,-250.0,6609,0xFEdD14d3a32FaAbfbd6E290fAA73Aec58e894650
Fredzoor,2189,7134.857783683721,7,1062.1745788667688,8197.03236255049,-1750.0,6447,0x45051312DeA7a0b7302bCbCCC979E88e28a08e3F
TheNano100,631,2520.182196652559,28,10909.157733537519,13429.339930190077,-7000.0,6429,0x3A11c76440655D4DdFF16a4aDAbBa15E98E89786
Honey_-_Badger,1333,6011.875043206415,0,0.0,6011.875043206415,-0.0,6012,0x9a8321d07BfD79f9B8A87DB28cE8885C4045f64e
boiboi3434,498,2606.364593014771,7,5123.430321592649,7729.794914607421,-1750.0,5980,0x556F5911Bc0F3a14b3427BB6d3e84c8022E44b20
OldDomainer,857,5957.0317000668265,0,0.0,5957.0317000668265,-0.0,5957,0x28abA2DFcf42eAdfEe60CeBFA650aC7184652424
KompolNakBroMek,30,73.12445751945249,34,13870.750382848393,13943.874840367846,-8500.0,5444,0xBD007Ad19Fa7a0Db0526bFfBdd634011D5DdB09c
tambaybtc,848,1530.3904323713987,10,6379.295558958653,7909.685991330051,-2500.0,5410,0xA792B45bc1Ce5B71a32B79F58D0d5D9fDD28d073
Easy-Soup140,1,0.0,4,6373.047473200613,6373.047473200613,-1000.0,5373,0xf53106887e33976408beA206B80E6276971cB0b1
ASingleGuitarString,432,1358.025639646975,10,6404.287901990812,7762.313541637787,-2500.0,5262,0x870d6C65E99EeE634165150282c68Ee88A5eC6b1
HarryDotter420,671,3293.212176143914,3,2686.676875957121,5979.889052101034,-750.0,5230,0x5520E1534d617D353c4AC182FF298689ee2Fe91E
dead-spiral,218,671.1780565178318,10,6947.871362940276,7619.049419458108,-2500.0,5119,0x7687fbc6D50EA1620105A0e271B8Cb6239905121
Elon_mkus,20,20.892702148414998,6,6560.490045941808,6581.382748090223,-1500.0,5081,0x3cC47c557E985Cb8b52d1E263a1296fd2097121c
rikbona,1047,4685.188456782063,1,168.69831546707505,4853.886772249139,-250.0,4604,0xd38e0BF45e089EEd644c1A2F3B701fDf8Bd3c2b5
mattg1981,186,532.7639047845825,3,4748.54517611026,5281.309080894843,-750.0,4531,0xd762e68a2d30ab4d836683c421121AbB5b3e1DcC
TheOneWhoCared,1563,4450.145557612394,0,0.0,4450.145557612394,-0.0,4450,0x20644e4F409b9D9cAd1c858730a5D020ec482Ca4
bvandepol,869,3455.13061779413,1,1187.136294027565,4642.266911821695,-250.0,4392,0x52a7f4e8904F70Ea831ED31511b35AadCB36b1d9
goldyluckinblokchain,430,1561.729485594021,4,3648.882082695253,5210.611568289274,-1000.0,4211,0xbfE08A5301906f5B5C1DB7E61Ae5A9420afcAF4A
garysei124,39,125.35621289048999,7,5748.238897396631,5873.59511028712,-1750.0,4124,0xbf452f324076b58b28F77F79fc4FC27CFBe7884B
Albinonite,554,4123.6970865434105,0,0.0,4123.6970865434105,-0.0,4124,0xd9c58bbb5e8f82736FbFBc0527845ECB3984517E
F-machine,1290,3943.4975305133307,0,0.0,3943.4975305133307,-0.0,3943,0x6b2Dfb8f1F88A400E3aad648d9D8A1a5E1820a7b
S-U_2,1701,3630.106998287106,0,0.0,3630.106998287106,-0.0,3630,0x01d3d24f754d64c7f9942c00aef89e6f64b4c205
KIG45,940,3567.4288918418606,0,0.0,3567.4288918418606,-0.0,3567,0x196b2bd780c5dEebab6485Bbb985658c63322BD7
PublicSleeper,3,5.223175537103749,1,3811.332312404288,3816.5554879413917,-250.0,3567,0xc7C3870c3aC451eC07d94d26Ed2D4F2Ab8050116
Creative_Ad7831,802,3220.0877186244616,0,0.0,3220.0877186244616,-0.0,3220,0x5ce03C34F851066DA7a7392526a7EC4F81790e1D
dont_agree_with_me,613,1726.2595150127893,7,3042.817764165391,4769.07727917818,-1750.0,3019,0x801dd958bA458Cbd68D663d7D76432dD3c6EE60a
Nabzzzzz00,84,80.95922082510812,16,6935.375191424197,7016.3344122493045,-4000.0,3016,0x5B1d0B3d528577Efb045499894654d1834D34d0a
InsaneMcFries,682,2423.5534492161396,1,812.2511485451762,3235.8045977613156,-250.0,2986,0xcBedBe4f7b04Def3b4ddb581c266a0c45023D99f
Defiant-Appearance98,3,0.0,1,3186.5237366003066,3186.5237366003066,-250.0,2937,0xB714d7808da88FE5591BedcD9928C472ee0dA72e
AltruisticPops,561,2752.613508053676,0,0.0,2752.613508053676,-0.0,2753,0x6fa6922842FD09782A61b3B11ab4fb00EB87B1C0
SarcasticSamurai619,15,39.173816528278124,5,3873.8131699846863,3912.9869865129644,-1250.0,2663,0xBbC068157D4699E18ad053F75D72F1D46De9B92B
Gubbie99,572,514.4827904047194,10,4554.8545176110265,5069.337308015746,-2500.0,2569,0xaF29FACA9278f3FE68BaDd745BB7f5b1538A17Ff
ellileon,529,2561.967600949389,0,0.0,2561.967600949389,-0.0,2562,0x10006c92af4c697dB4d168cB4e2C56009450a493
Defiboy,21,52.231755371037494,2,2999.081163859112,3051.31291923015,-500.0,2551,0x18ED21788DD68d620D7d56dE059Cd5783B47e563
cajunrajing,732,2410.4955103733805,0,0.0,2410.4955103733805,-0.0,2410,0x2EfBdBAf6a3a9d7BB2070aa7a16318a67C730534
mochi_ball223,690,2188.510550046471,0,0.0,2188.510550046471,-0.0,2189,0x626F923258844eD8015B55099332c7bBd2277097
Ben_Pars,414,2149.336733518193,1,281.16385911179174,2430.5005926299846,-250.0,2181,0xE7577A26478a5f70E1b85D3288be13E41072429C
DIYrself,310,2172.8410234351595,0,0.0,2172.8410234351595,-0.0,2173,0x5B45daBABe4756460D131C355d36cC4F82EDccf3
Huelino,731,2159.7830845924004,0,0.0,2159.7830845924004,-0.0,2160,0xDF2ffB4A4c766a322F1fBe6a6E344CA018bDeC9e
cryotosensei,510,2073.6006882301886,0,0.0,2073.6006882301886,-0.0,2074,0x714Ac7c57BE78759F57b3f4a240a5a6588316002
telejoshi,612,2110.1629169899147,1,149.9540581929556,2260.11697518287,-250.0,2010,0xA04C6Ce4a418E2B9b6BC95C06b9fAf664A705402
Odd-Radio-8500,620,2000.476230710736,0,0.0,2000.476230710736,-0.0,2000,0x795065F0368BE7149140D2b134fe2bA072db42AE
Pibo1987,725,1927.3517731912834,0,0.0,1927.3517731912834,-0.0,1927,0xf3A6ab4AB31aB110b272B238A5E29160c9804c05
crayontastegood,48,94.01715966786749,1,1999.3874425727413,2093.4046022406087,-250.0,1843,0x09028949bEf4b51709e0b149Ed67D9B2f802a2E7
GreekGod0007,11,7.834763305655624,6,3311.485451761103,3319.3202150667585,-1500.0,1819,0x189e5333750Ad646031E0A308AB89068058580D4
teeceaustralia,10,-2.6115877685518747,9,4061.2557427258807,4061.2557427258807,-2250.0,1811,0x7Ac4E7D8250E0D4c370DE927Df8418e7e8070648
pizzapicnic,411,1321.4634108872485,2,974.7013782542115,2296.16478914146,-500.0,1796,0x4f3dB84ba975aD6e6863DD0aD8bc078f2AeeAA5c
SuperNoise5209,729,1783.7144459209303,0,0.0,1783.7144459209303,-0.0,1784,0x18722119EA2D21ED8b5E13E796BD92A7345C1802
Consistent-Revenue61,235,621.5578889153462,8,3124.0428790199085,3745.6007679352547,-2000.0,1746,0x4c28ACB66AAF568ab93e4Fd4DCcdEe1b6072F9Df
CreepToeCurrentSea,458,1350.1908763413192,5,1624.5022970903524,2974.6931734316713,-1250.0,1725,0x1e6ff9e5e7c301a6290dd14662273a5e5817a2a6
Gorbachev_,547,1723.6479272442373,0,0.0,1723.6479272442373,-0.0,1724,0xbc50316986Bc7660dB54F34d3f5ECF7472b97377
legionticket,766,1697.5320495587187,0,0.0,1697.5320495587187,-0.0,1698,0x4a5008a960df61ce7cf1efde0cbc268c390ff94f
timbulance,764,1687.085698484511,0,0.0,1687.085698484511,-0.0,1687,0xf8b2808E19413E0b14C2966dD6afB497c7F5A919
ReitHodlr,563,1371.0835784897342,6,1774.4563552833079,3145.5399337730423,-1500.0,1646,0x1b036f17F5DcB000005e14773f8636b4dde76e39
MasterpieceLoud4931,204,856.6007880850149,4,1749.4640122511487,2606.0648003361634,-1000.0,1606,0x16bd6f1d0d3a5c039ca67e0da0dea4ba3823bb23
Murky-Statistician45,549,1553.8947222883655,0,0.0,1553.8947222883655,-0.0,1554,0xDBCaB1c771c87b3BDeD8EE7E8Df5cBd17DD84145
partymsl,351,1504.2745546858798,0,0.0,1504.2745546858798,-0.0,1504,0xDCe583535B74c67CA542aFdA1be01Cb5F505BdC5
LegendRXL,316,1412.8689827865642,0,0.0,1412.8689827865642,-0.0,1413,0xE40EaDCD565221B63bB106D668baa43941B53a65
Mrwiowijo,479,1399.8110439438049,0,0.0,1399.8110439438049,-0.0,1400,0x18E9195C3A328941B73b976269B6703B043fA396
economist_kinda,32,60.06651867669312,3,2061.8683001531394,2121.9348188298327,-750.0,1372,0x09e8a60Fa9a4EeeCfe2f4eC2D08ddA56307d48C9
wen_eip,571,1365.8604029526305,0,0.0,1365.8604029526305,-0.0,1366,0x9653f86326fe986D45DaA16aE0b904AAA9F9Bcb4
SlowpokesEmporium,432,1358.025639646975,0,0.0,1358.025639646975,-0.0,1358,0x19FCDC5C6a1923afbBedA2Df2b824AC15a3245cf
NSFWCryptoPosting,395,1130.8175037829617,1,437.3660030627872,1568.183506845749,-250.0,1318,0xC0ab867a4750bf24141c59e5fa50967757cEfe51
lordciders,33,219.37337255835746,1,1312.0980091883614,1531.4713817467189,-250.0,1281,0x4b1f1C251Ce3Dc74C9Bb2EcBcEbC9bc7f855eF27
PoojaaPriyaa,795,1237.8926022935887,0,0.0,1237.8926022935887,-0.0,1238,0x525465D20141d324fe857485F8f4E11740AAcCE1
raymv1987,335,1086.4205117175798,2,624.8085758039816,1711.2290875215613,-500.0,1211,0x2A043F315F24762937CBCf0EB6CB313a43bDE534
EthTraderCommunity,3182,1209.165136839518,0,0.0,1209.165136839518,-0.0,1209,0xf7927bf0230c7b0E82376ac944AeedC3EA8dFa25
Modern_Orange,185,1206.553549070966,0,0.0,1206.553549070966,-0.0,1207,0x6700ce7153e0D993221Ce4994e5F6Af57B1a559e
Sunryzen,295,-182.81114379863124,4,2186.8300153139357,2186.8300153139357,-1000.0,1187,0x8424782665f9D16FbD8A30F0cDE6109bdAB496c1
ShadowKnight324,313,1292.735945433178,1,124.96171516079633,1417.6976605939742,-250.0,1168,0xdea176973310D5bdfE5D8bE85Ff7B5Ea5Ab060f0
Xylon818,497,1164.768144774136,0,0.0,1164.768144774136,-0.0,1165,0xf6d7abcCbc6E8291115b35b636360427ceaC0C7c
Wrong-Spirit-391,62,164.5300294187681,13,4248.698315467075,4413.228344885843,-3250.0,1163,0xc800edAecBA0feA58Df6CEE467535aD6fF54CE62
MantisToboggan66,331,1156.9333814684805,0,0.0,1156.9333814684805,-0.0,1157,0xe03d2E34513ed45479e03364d5CD8B5FfeCb63D9
GreedVault,327,1099.4784505603393,0,0.0,1099.4784505603393,-0.0,1099,0xE809f4C6959610ad7d05C4117624f47d0554cCa7
Expensive_Mess_7954,528,1008.0728786610237,0,0.0,1008.0728786610237,-0.0,1008,0x67BCf3d17293fCFf7Db64aa33F90BEDABDBecFA5
Goonzoo,173,927.1136578359155,0,0.0,927.1136578359155,-0.0,927,0x177FcF75AF5a0324AfFFdfA578F7b14d42f71d80
PirateSKB,305,914.0557189931561,2,499.8468606431853,1413.9025796363414,-500.0,914,0xd5aD34CeE33bEF42e47B3eE90417aC1C6779477d
Livareness9947,212,908.8325434560523,0,0.0,908.8325434560523,-0.0,909,0xd5038d032D61e5908CeAED32A95B684564dA32e3
NaturephilicReaction,4,7.834763305655624,1,1124.655436447167,1132.4901997528225,-250.0,882,0x3e0bdDC0382E08E7cf6E795EAE7546CB88c55182
Visible-Ad743,23,41.785404296829995,2,1337.0903522205206,1378.8757565173505,-500.0,879,0xAacc079965F0F9473BF4299d930eF639690a9792
Revolutionary_Mix941,252,869.6587269277743,0,0.0,869.6587269277743,-0.0,870,0x9e19eB67C0E7fbFe0023E7c5093d2863b86f17Eb
Ben_Dover1234,305,1104.701626097443,1,0.0,1104.701626097443,-250.0,855,0xC1e012Fb6e952a5d5F44a2BeE20078aa1e65817F
whodontloveboobs,9,15.669526611311248,1,1062.1745788667688,1077.84410547808,-250.0,828,0x133299c1c5bc0C64eb1365444031fDa1161E0F58
maskedbrush,280,817.4269715567368,0,0.0,817.4269715567368,-0.0,817,0x92adc859e144c1ee4dc3d55daa465f8ce16b9d56
lucashcy_97,288,814.8153837881849,0,0.0,814.8153837881849,-0.0,815,0xEDBaF914C6cCEa8352512808060C6b253B6a69CB
Josefumi12,99,780.8647427970105,0,0.0,780.8647427970105,-0.0,781,0x02C83E7C47D9fbe79327B5F2599944fd41F8a455
donut-bot,1638,775.6415672599068,0,0.0,775.6415672599068,-0.0,776,0xa8C8c9e18C763805c91bcB720B2320aDe16a0BBf
DrengDrengesen,257,767.8068039542511,0,0.0,767.8068039542511,-0.0,768,0x4D96456D6E0CBFf7Aa847E681911f8DD1f208aa0
WineMakerBg,166,765.1952161856993,0,0.0,765.1952161856993,-0.0,765,0x2d7972a9b470e8Ac19dFf25bf4ba5f80F21f7944
jamesrosshill,76,148.86050280745687,1,812.2511485451762,961.1116513526331,-250.0,711,0xFc2C0F3925a0Eb03824059421C7C031B34a4788A
carlslarson,20,80.95922082510812,2,1124.655436447167,1205.614657272275,-500.0,706,0x95D9bED31423eb7d5B68511E0352Eae39a3CDD20
Lordofthewhales,355,697.2939342033505,0,0.0,697.2939342033505,-0.0,697,0x3607C4Ae351264892154bdab2d65622B8f5420fE
Fritz1818,15,75.73604528800436,4,1618.2542113323127,1693.990256620317,-1000.0,694,0x713376C3BB65E786d8aA0FcFfFfB39472F23e6A6
verysillyman,127,684.2359953605911,0,0.0,684.2359953605911,-0.0,684,0xEe1B2A2679Da95479Bd6421Ae635598425083A49
SigiNwanne,144,681.6244075920393,0,0.0,681.6244075920393,-0.0,682,0xD90C22d2Da086Eaf293E6Ca056116C7d08DecA47
ablablababla,207,679.0128198234875,0,0.0,679.0128198234875,-0.0,679,0x5DFa59d24554d3cb74e8153F7F44336C6eD287C1
CrispyDonutBot,727,655.5085299065205,0,0.0,655.5085299065205,-0.0,656,0x7A5518E69213AbDC07CBb96a495Dd0eBd9792487
emyfsh201,239,652.8969421379687,0,0.0,652.8969421379687,-0.0,653,0x1905f698505AAa9b925f5A4dbd0c75d9B57C60A1
Malixshak,249,642.4505910637612,0,0.0,642.4505910637612,-0.0,642,0xb10135E33D94f8364E9dA4148f908EdF92b1bD2f
coinfeeds-bot,456,634.6158277581055,0,0.0,634.6158277581055,-0.0,635,0xd056666321700092B032b2571431B2478cD6512E
doctorwho_cares,281,621.5578889153462,0,0.0,621.5578889153462,-0.0,622,0xB96F63E3a7C380214704893f8f38f91caF413321
vmguld,293,598.0535989983794,0,0.0,598.0535989983794,-0.0,598,0x31Bf9c97dDEe30309E76878df7c6Be1F2F2354Be
Eth_Man,48,151.47209057600872,1,687.2894333843798,838.7615239603886,-250.0,589,0x0e066ED845a6853557A0d580b3BA998b0283ACA8
No-Elephant-Dies,142,522.3175537103749,1,312.4042879019908,834.7218416123658,-250.0,585,0x73e6b2aE810aD8db323de88Ba612b17C81408eEF
Abdeliq,200,579.7724846185162,0,0.0,579.7724846185162,-0.0,580,0x68e5b83d9a4e82d3833de0365543e7d26897b413
Mundane-Farm-4117,175,577.1608968499643,0,0.0,577.1608968499643,-0.0,577,0xa9c8794aa432237095dCDDeff60CbA676B014641
SeatedDruid,233,553.6566069329974,0,0.0,553.6566069329974,-0.0,554,0xEFC056b70CcAfa39150447D39478db581928CF51
eonesimoszsss,166,788.6995061026662,1,12.496171516079635,801.1956776187458,-250.0,551,0xAf85D799DeA4b959c8c877bFdD2f1c7ccf83549F
shoaib_ahmed_007,172,540.5986680902381,0,0.0,540.5986680902381,-0.0,541,0xAf924Ed9F131EFBFBCf5B68e1664daEB5d0ceC2f
good2youall,244,872.2703146963262,3,418.62174578866774,1290.8920604849939,-750.0,541,0x3c1bCB3bb9d6A551cCb2F37201C084A407E8fB0c
83nno,127,412.6308674311962,1,374.885145482389,787.5160129135852,-250.0,538,0x09FE406678719689Bb99DeF89018a9d349e90B3a
Budget_Muffin7766,184,530.1523170160306,0,0.0,530.1523170160306,-0.0,530,0x9Af25fF741763B43F67be449329A3A607799BFf1
Mrkay07,137,527.5407292474787,0,0.0,527.5407292474787,-0.0,528,0x41520DA55f0cd3888b4115547b39D75EF151317d
Brave-Hospital3807,57,472.6973861078893,0,0.0,472.6973861078893,-0.0,473,0x466C75353CDC6A972AafB74b62841C7c13431904
amazonboahancock,147,470.08579833933743,0,0.0,470.08579833933743,-0.0,470,0x58D7bB1d9B98dC29d3bc6A300fdb2a5ae65008Dc
Alfnixpy,119,467.47421057078554,0,0.0,467.47421057078554,-0.0,467,0x9E7c0403432e25d6DFA2698c41E1D9cA281eAe11
tahiraslam8k,97,279.4398912350506,1,437.3660030627872,716.8058942978378,-250.0,467,0x52C83fbEc050509468Dc7CEF0a2fFd81e95c9F1B
transfermymoons,7,20.892702148414998,1,687.2894333843798,708.1821355327947,-250.0,458,0x0420640ea43cDaa84d2e951d798A82c68Bd80C5a
DrDynamicyt,179,443.9699206538187,0,0.0,443.9699206538187,-0.0,444,0xC86b8988Da8057d56B583a227253cB793509daf9
milonuttigrain,97,441.3583328852668,0,0.0,441.3583328852668,-0.0,441,0x40a255d2897129097c73E174D7abfE54BFb205Ee
Soil_Electronic,118,430.9119818110593,0,0.0,430.9119818110593,-0.0,431,0xD6009d81240658cC078aC43fb3Fb108F35b811D0
Super_Iron6408,111,425.68880627395555,0,0.0,425.68880627395555,-0.0,426,0x0a2b254541106ec3414137Af0DD4Cc77E3818076
samer109,88,415.24245519974806,0,0.0,415.24245519974806,-0.0,415,0x64089F29287533eadb78f1e3Bf9830F4453e6C65
falk_lhoste,80,412.6308674311962,0,0.0,412.6308674311962,-0.0,413,0x7AdAe2238B6BCa88D9f64E468d2fD551E0587c96
eat-sleep-rave,59,245.48925024387623,1,412.37366003062795,657.8629102745042,-250.0,408,0x531bD0C1Ad5c2F25CC6A46C9e38B9C140587049F
Jake123194,204,404.7961041255406,0,0.0,404.7961041255406,-0.0,405,0x48AFb64D55c79A2E711c14a2Bf903A7C3842baCC
FranzJosephBalle,97,396.961340819885,0,0.0,396.961340819885,-0.0,397,0xD1906a5eDDD9034b7D369ACD254aBf0d0f763CA6
Atorcran,6,13.057938842759373,2,874.7320061255743,887.7899449683338,-500.0,388,0xc9Cb73C552b09E225a15EAe1b9005A8F0d956250
SoulUrgeDestiny,109,381.2918142085737,0,0.0,381.2918142085737,-0.0,381,0xA503c0E06e5cCf0B599771339158aDF58FAe8728
RealLeoPat,122,376.06863867146996,1,249.92343032159266,625.9920689930626,-250.0,376,0x613fF14bF204127bc672Ddc8A4480FCf5c6D9F99
JoNwOrDy,132,370.8454631343662,0,0.0,370.8454631343662,-0.0,371,0x740bd76dD50574E4DdabC1432Cd5e41148398451
sell_at_top_nov2025,94,360.3991120601587,0,0.0,360.3991120601587,-0.0,360,0x942C649A9d0769870FdEE11571E902A3591DC3C7
n1ghsthade,81,352.5643487545031,0,0.0,352.5643487545031,-0.0,353,0x443625Fb4ACAF5D40B3208e73800E96C72B4b19D
mvp_investor,154,349.9527609859512,1,249.92343032159266,599.8761913075439,-250.0,350,0x7cC15BA1206803Db4a930aeb7392DA3Da14d60E5
Legitimate_Cattle254,72,344.72958544884744,0,0.0,344.72958544884744,-0.0,345,0xdC5fa8Cf32B9A9784f45FF5A1aAdBEa21F907E99
DrRobbe,102,342.11799768029556,0,0.0,342.11799768029556,-0.0,342,0x5eD61dee19B3355cf125a5cB95bEC8f344523628
The_Rise_Of_Kyoshi,46,329.0600588375362,0,0.0,329.0600588375362,-0.0,329,0xC57E7Dbc975bBe02c0FEeE721B212f5162c4aC26
Guldrion,81,326.44847106898436,0,0.0,326.44847106898436,-0.0,326,0x12859b4528b8B9EFaDc5530e30721a6087FBB4Fd
FlashyAd8082,110,310.7789444576731,0,0.0,310.7789444576731,-0.0,311,0x18DC759342f39C43EC85C51B301Bf188dC029801
ChillCoyote,97,308.1673566891212,0,0.0,308.1673566891212,-0.0,308,0xbB70FB1529678f0F21CecD51Dbb41b78B9CC40C4
DAMG808,89,300.33259338346556,0,0.0,300.33259338346556,-0.0,300,0xAd4c751A0c4f4BF438c571c40e84e3E414A47558
cryptopunk661,2,5.223175537103749,1,543.5834609494641,548.8066364865679,-250.0,299,0xAC18A1B674F7A966E57D1F08103F0efE2923cBa7
SwingContent6806,86,167.14161718731998,10,2624.196018376723,2791.337635564043,-2500.0,291,0x58F1788eE66AcD09A00D039229bf25678ba04c84
Icy-Profile-1655,77,282.0514790036025,0,0.0,282.0514790036025,-0.0,282,0xc06479D09b3DE98Df54c77150075c5df38996138
bkcrypt0,108,282.0514790036025,0,0.0,282.0514790036025,-0.0,282,0xE003C45A1B4afbbeB0816053fD90c7c91c8d32AB
DeliveryWilling1396,55,276.8283034664987,0,0.0,276.8283034664987,-0.0,277,0xe34F20F4775a0B726ab8aD3E50637AF408fB64ea
Tribalboi69,96,274.2167156979468,0,0.0,274.2167156979468,-0.0,274,0x71A3D80b0De3e0BCB4458bCE78F62c814ba41C87
Odlavso,16,263.77036462373934,0,0.0,263.77036462373934,-0.0,264,0x3cAa5fa6358Ae6972bc92F5A96444ED4AabF4737
FreekTheDog,70,261.15877685518745,0,0.0,261.15877685518745,-0.0,261,0x8f3A2D71976D22b36feb722Cf520a7Aa9Bd6d6b8
Shot-Environment2862,78,255.9356013180837,0,0.0,255.9356013180837,-0.0,256,0x2C300b84807fa827094dBbD85572c1DB6a90c525
MrGodzilla166,107,188.03431933573498,1,312.4042879019908,500.4386072377258,-250.0,250,0x45a96F0bdABD1721674bFF9D8fd577073CBeBe35
Kindly-Wolf6919,104,323.8368833004325,1,174.94640122511487,498.78328452554734,-250.0,249,0xEca23ebdfDf663d499891a833D22956a6f65DFA2
Independent_Ear9101,89,245.48925024387623,0,0.0,245.48925024387623,-0.0,245,0xfc1Ce1414A298eE5D4Ec6677021eE952746Fa92d
Yellowflash274,38,245.48925024387623,0,0.0,245.48925024387623,-0.0,245,0x5d5d77e6FF944Bad6FABBD392D6E44a2445fDbd9
RaulCapablanca,81,242.87766247532434,0,0.0,242.87766247532434,-0.0,243,0xB58A789D6CAd225624C7d80C833AA89C55123e99
ToshiSat,53,240.26607470677249,0,0.0,240.26607470677249,-0.0,240,0x378Ea7e7E7Db2501573a22aecc4A2269C89642C1
flavoredbeef,58,237.6544869382206,0,0.0,237.6544869382206,-0.0,238,0x8a22Ed00c7b6a991CB1d520b107eA118a66Aa54a
Fumbles1231,65,235.04289916966871,0,0.0,235.04289916966871,-0.0,235,0x0373d212375bEE0B59813a5B39F00B7BBADFec3E
Fiddlers-list,80,94.01715966786749,1,387.38131699846866,481.39847666633614,-250.0,231,0x753F545dCBbC15744C8441089b64D5c567a306b6
coinsRus-2021,8,227.2081358640131,0,0.0,227.2081358640131,-0.0,227,0x610C5Ad8799F645F4dE03dd9509428B96b3b4EA7
forceworks,58,216.7617847898056,0,0.0,216.7617847898056,-0.0,217,0x6DFF2B8bbaBEB98aAdC47ca38b1df5063d16E208
redditisalt,84,216.7617847898056,0,0.0,216.7617847898056,-0.0,217,0x2c3b90b2e221e7fefbc591bb6f24a799692f3c0a
Icy-Order-3200,86,208.92702148414998,0,0.0,208.92702148414998,-0.0,209,0xdbc54173874eBc2D30a6ba3DAF971Cb3A0B0C3ac
InevitableFixabl,67,206.3154337155981,0,0.0,206.3154337155981,-0.0,206,0xd869e6D22c2af447d6693F18957b00adFBd8F5f4
roadbowler,27,206.3154337155981,0,0.0,206.3154337155981,-0.0,206,0xF07f50486FD55049c9A81b7eb35c90AA24E19278
C-Dawg420,45,198.4806704099425,0,0.0,198.4806704099425,-0.0,198,0xCcf73e72AA8BeDbE9db505c27E025a0A2134165D
inevitable_username,40,195.8690826413906,0,0.0,195.8690826413906,-0.0,196,0x53b74c10cC9a5a4fE8EF0fda64B16F3d7c970B5B
Affectionate_Hand_76,56,195.8690826413906,0,0.0,195.8690826413906,-0.0,196,0xdec20557d004b995EBb5B8eB21a681a77Ef54371
Allions1,2,-7.834763305655624,2,687.2894333843798,687.2894333843798,-500.0,187,0x27C1bEc62f02680b3A60B837A8139153D6eA2381
wmredditor,0,0.0,2,687.2894333843798,687.2894333843798,-500.0,187,0xE0949A5aa405229A8F3ED8C950721F97e85526fB
MrPuffer23,95,182.81114379863124,0,0.0,182.81114379863124,-0.0,183,0x49E11E8c13991f0061614D5200ef50EF9e9862E4
buttcoin_lol,48,169.75320495587187,0,0.0,169.75320495587187,-0.0,170,0xf64cd5588A82180F32596CF2bb6FfEceb0647A49
badboybilly42582,60,161.91844165021624,0,0.0,161.91844165021624,-0.0,162,0x73F55D306dFB8E06bc4e2E90f3fA02a88f77D076
UFONomura808,57,161.91844165021624,0,0.0,161.91844165021624,-0.0,162,0xF0d241d7C6ffE48D6bFb14e55882897548741De3
Big-Refrigerator-379,37,159.30685388166435,0,0.0,159.30685388166435,-0.0,159,0x1c0a23aC0EdB43284F1c2C2aE20a7383a551EFdF
Abysskitten,37,156.6952661131125,0,0.0,156.6952661131125,-0.0,157,0x44c40501f71050116Cc687acAEC0CE7798D69331
MotherSystem749,50,151.47209057600872,0,0.0,151.47209057600872,-0.0,151,0x0445f84164f452Dc6204c734Cdd7c98BDab0c236
toogoodtgp,1,13.057938842759373,1,387.38131699846866,400.43925584122803,-250.0,150,0xF15Da810c159d30A8ddCCb350d449C06f5328b40
mZoleee,29,138.41415173324935,0,0.0,138.41415173324935,-0.0,138,0x0c59a0BF6E7186625bf3d5a485e6a036a3b45c93
anotheralien22,56,135.80256396469747,0,0.0,135.80256396469747,-0.0,136,0xBB941814178343B0FD9908B1E3C3De17F4f5cA04
Planktons_Eye,33,133.1909761961456,0,0.0,133.1909761961456,-0.0,133,0x924aBC1A849CeC97e2282fBD64BeEb53197df7E6
dopeboi1994,29,133.1909761961456,0,0.0,133.1909761961456,-0.0,133,0xC47017FFd91E65e951215999C0d0a9899858E2CB
trustnodes,0,0.0,1,374.885145482389,374.885145482389,-250.0,125,0xbd56dba641A856a0AfA8DC05BfE52368965bb04B
RUBEN4iK,28,122.74462512193811,0,0.0,122.74462512193811,-0.0,123,0xf2B0485b7E8551d3Bb1953fBf6c5197C29A3d15F
Vivarevo,42,120.13303735338624,0,0.0,120.13303735338624,-0.0,120,0x8a945Ff7dBC68D7DEFeA264c9B838F6824671c01
deltav8,58,117.52144958483436,0,0.0,117.52144958483436,-0.0,118,0xB65F0d04f34289785e48074644b95B238862a2E6
sophos101,1,117.52144958483436,0,0.0,117.52144958483436,-0.0,118,0xeB2A37071C4c938c926f03BE1f131D73F9065aA1
Mrramirez44,84,114.90986181628249,0,0.0,114.90986181628249,-0.0,115,0x803Fa6b110d013ff4D9b2d7A081Edd8e4F10C3bd
foreignGER,60,112.29827404773062,0,0.0,112.29827404773062,-0.0,112,0x3E0231812cA1b81c180DA4537B8F2eb4Df380e32
middlemangv,18,109.68668627917873,0,0.0,109.68668627917873,-0.0,110,0x9d0D3181E0d70A3ac218155723896C02Df387B31
Illustro_Nocturnal,56,109.68668627917873,0,0.0,109.68668627917873,-0.0,110,0xDF594630315BE05788F8E221Da56c9F8397454F1
ced-uca,42,109.68668627917873,0,0.0,109.68668627917873,-0.0,110,0x455C3D904B7F87133d61c0d4c0F31E78047E2233
feric89,23,47.008579833933744,1,312.4042879019908,359.4128677359246,-250.0,109,0xfC28f4Ed27693f4De4ACCf23D992E40251837fA2
LightninHooker,54,101.85192297352312,0,0.0,101.85192297352312,-0.0,102,0x7b55b0b671f2952B092bEbC75dfcFb9B86cDD032
ripple_mcgee,12,99.24033520497125,0,0.0,99.24033520497125,-0.0,99,0x75Cc84e5a3a69eb26C26261fd7A594d1F5011D39
nakamo-toe,58,99.24033520497125,0,0.0,99.24033520497125,-0.0,99,0x7d84260958eb275a29c3805679ba2dfa480dd802
Daddio_87,39,99.24033520497125,0,0.0,99.24033520497125,-0.0,99,0xb78D79845d0b1279CBcff339a53CFE28cC3e9CC2
Mysterymanashu,35,96.62874743641936,0,0.0,96.62874743641936,-0.0,97,0x43Cb7328177aDa726c88dE29FA888b9BFf1067C8
MichaelAischmann,42,94.01715966786749,0,0.0,94.01715966786749,-0.0,94,0xa18aBe5EDDaB2cdBF2837425FAaf32bd9B0085Dc
Marauder2,24,94.01715966786749,0,0.0,94.01715966786749,-0.0,94,0x62921737F68A0da30d7DC7da13494784760CFDBE
topcontender,6,31.339053222622496,1,312.4042879019908,343.7433411246133,-250.0,94,0xe921c7ba928dBA3846C379d9Eed15bC134e81168
Silver_Wishbone_6368,42,94.01715966786749,0,0.0,94.01715966786749,-0.0,94,0x314Ea9Cf16981A5dB57569625a2EAF168506A261
na3than,20,94.01715966786749,0,0.0,94.01715966786749,-0.0,94,0x88c9Af16a88487e43F3A8fDbf1580Ab6399FcDFF
deluded_soul,44,94.01715966786749,0,0.0,94.01715966786749,-0.0,94,0xB04d7EFfdEDCcFAa405BC68C5bF73153F31e0b1b
Dapper-Horror3112,31,91.40557189931562,0,0.0,91.40557189931562,-0.0,91,0x369cDE7257cE8FEF01aBECf9Bc9B387946b2e1De
erizi0n,44,88.79398413076373,0,0.0,88.79398413076373,-0.0,89,0xf8c213d2041D9C6bcF9b594E7322C7191612CF61
Carretje,32,86.18239636221186,0,0.0,86.18239636221186,-0.0,86,0x549ab2CfaA7fb1d1B8AF6E0654efb24CC65c76E6
Gh0sta,23,86.18239636221186,0,0.0,86.18239636221186,-0.0,86,0xfd1e50BcDA3A1f9eBe6E50Bdf80cbd2c3D6a1fB0
Goldbaerig,24,86.18239636221186,0,0.0,86.18239636221186,-0.0,86,0xEf3114817602E8d92cf35056a357c0Adc069d751
changhuanese,19,86.18239636221186,0,0.0,86.18239636221186,-0.0,86,0x0F36bFDA16aC9229cbFEd30c9B86ffd8f9f7a13b
IlIlllIIllllIIlI,19,83.57080859365999,0,0.0,83.57080859365999,-0.0,84,0xA4C5631F5D941dB685D8e1CeB3DF35F5bF88E264
geforcei7,60,83.57080859365999,0,0.0,83.57080859365999,-0.0,84,0x82e5087370DcB2B2d9D5BA631BcD16C5b0c28fa2
towjamb,41,83.57080859365999,0,0.0,83.57080859365999,-0.0,84,0x6AA08E1E39958055836F31906C6ff8c072e8C0F3
OgCone,38,80.95922082510812,0,0.0,80.95922082510812,-0.0,81,0x6D7E7bcc033b37dE7B7FA5a4c872B72F2BcF9785
RealCFour,54,80.95922082510812,0,0.0,80.95922082510812,-0.0,81,0xB92546f1a47542fa91D7A1c6531A56a95b711D46
GulibleFox,25,80.95922082510812,0,0.0,80.95922082510812,-0.0,81,0x03be8f49c773c37a214eC4Bb5C5B4b1701D2907b
Professional-Monk811,77,80.95922082510812,0,0.0,80.95922082510812,-0.0,81,0xa781f201108a0be280433b08229c4693e062dcea
allstater2007,20,78.34763305655625,0,0.0,78.34763305655625,-0.0,78,0x7499255C38340cEd727D82eBb3BEE390844B05c5
Simple_Mastodon9220,67,78.34763305655625,0,0.0,78.34763305655625,-0.0,78,0xd28248A70B46E525A2b6f327Ff3C2D81ba97dC2E
TheyAskWho,27,73.12445751945249,0,0.0,73.12445751945249,-0.0,73,0xD388Ba04AdBcb68E4CC54B1B9391cCE7b43CA694
CM19901,22,73.12445751945249,0,0.0,73.12445751945249,-0.0,73,0x676eDd42FcB0dC9852036cf6eCa52d3BE9204DFb
timeforchorin,9,73.12445751945249,0,0.0,73.12445751945249,-0.0,73,0xc3aD25f90c433646328a894568444d55DE4E6eb1
Littlebig4667,66,73.12445751945249,0,0.0,73.12445751945249,-0.0,73,0x9D20bD90CD8b496b96F180AE4D505599169c2287
Realistic_Wrap_9767,18,70.51286975090062,0,0.0,70.51286975090062,-0.0,71,0xb8668580674d6714979f79A3fbF433f65566B8f4
letsridetheworld,82,133.1909761961456,4,937.2128637059726,1070.4038399021183,-1000.0,70,0xcf21D9ED948d8F0259Fbc36115c9aad55e4CD8b0
mbdtf95,13,67.90128198234873,0,0.0,67.90128198234873,-0.0,68,0xE6e5c8Ca311eD1E5993bbbD588aBD8D17fb440fb
manchesterthedog,7,65.28969421379686,0,0.0,65.28969421379686,-0.0,65,0xD87f3f0bbA00A715136eB1Ac09D9C29eCB30489E
CoolCoolPapaOldSkool,26,65.28969421379686,0,0.0,65.28969421379686,-0.0,65,0x3e94cE15A42a8E8a0AbE405a7B0dc4F00f2862Db
Desperate_Channel_62,24,65.28969421379686,0,0.0,65.28969421379686,-0.0,65,0xe0a43b69FdCEc46665C5065451C6Bc3C1240073a
Cryptomaxie,17,65.28969421379686,0,0.0,65.28969421379686,-0.0,65,0x45204b91CdEBBbf9ED56F9aFF036b88988934485
002_timmy,14,62.67810644524499,0,0.0,62.67810644524499,-0.0,63,0x70BA80d1F08289b1d73466Ac8Bd949e5B2AA8219
barefoot_au,20,60.06651867669312,0,0.0,60.06651867669312,-0.0,60,0x9c323352BD5F6B4C7496cc8F2FFe2068cE755273
bangand0,34,91.40557189931562,1,218.6830015313936,310.0885734307092,-250.0,60,0xA0d54b6a13C05Ff4AA2F5Ac8Be713860AB73B9a8
Asleep_Fact_2549,20,60.06651867669312,0,0.0,60.06651867669312,-0.0,60,0x0CCeCFA1cf708a063Fe6b8306363430091B56228
Arafel_Electronics,43,60.06651867669312,0,0.0,60.06651867669312,-0.0,60,0xd87c138715649Aab580069F24e3716CC56A51C43
Giga79,25,60.06651867669312,0,0.0,60.06651867669312,-0.0,60,0xA50d3EE17c994864F88a2acc24303860Ebc81F50
chuloreddit,22,57.45493090814124,0,0.0,57.45493090814124,-0.0,57,0x6c63B2a66F089F19647f85bC51F6EAD09FbaB83a
compressionwaves,22,57.45493090814124,0,0.0,57.45493090814124,-0.0,57,0xb7d0101d367d51cE7a33Ce146eC44713306A94df
Crypto-4-Freedom,21,57.45493090814124,0,0.0,57.45493090814124,-0.0,57,0xE1b24E1778FE30648d7998f3b9e77F42C6F2CE03
Ok-Dare-621,29,57.45493090814124,0,0.0,57.45493090814124,-0.0,57,0x4f2b48fc9b5d20a0bc624f759AD9D23d2530B85b
Indianfanss,54,54.843343139589365,0,0.0,54.843343139589365,-0.0,55,0xe64c20f550048AB93CC90973ba1aB74E0d2C33D8
MarquisDeLaCrap,7,54.843343139589365,0,0.0,54.843343139589365,-0.0,55,0xF771af1103e074088c97c61EbA4b226A2941Ff6B
Medfried,14,54.843343139589365,0,0.0,54.843343139589365,-0.0,55,0x7bd6A3e266f4Ca252D38e74fAB528F539765924c
Usual_Tip9960,55,54.843343139589365,0,0.0,54.843343139589365,-0.0,55,0xDAbEE2BC452A2209CFf05552e622784Bd0fbeaFf
Snowie_drop,26,52.231755371037494,0,0.0,52.231755371037494,-0.0,52,0xfc2aBf2E25c0FDf1D4a6aF824E17CC91FFA92C89
sadsissyphus,25,52.231755371037494,0,0.0,52.231755371037494,-0.0,52,0xe7fBE65570d5c3B9bdD60Dc01097f3657C40906B
cassiopeiamedusa,16,49.62016760248562,0,0.0,49.62016760248562,-0.0,50,0xBe5a545226EBE457C1417489876FeD5fbd2B00aa
EveliaAvila,5,49.62016760248562,0,0.0,49.62016760248562,-0.0,50,0x77eb9daB27E4c7EA1fac320fd6Cc5A52652845db
Fun-Literature4569,15,47.008579833933744,0,0.0,47.008579833933744,-0.0,47,0x1C7a41f7b24d189662322Cc949a7B214B630365d
GlumDreamer,31,47.008579833933744,0,0.0,47.008579833933744,-0.0,47,0x201c321153e600777BaB2b6AE40a409d2DCaf571
filthybusstop,19,47.008579833933744,0,0.0,47.008579833933744,-0.0,47,0x75624e7cb00ad074a9Fd6263539c069124e29300
Confident-Syllabub60,9,47.008579833933744,0,0.0,47.008579833933744,-0.0,47,0x1feD0316fC4556Ef40D419C8b51f0A161540bADF
BissuDeppert,6,47.008579833933744,0,0.0,47.008579833933744,-0.0,47,0xcf36bCED4ce948af707F9f8a5d2E95344766d3D9
olihowells,25,44.396992065381866,0,0.0,44.396992065381866,-0.0,44,0x562fc5dab9b7ff96282586cF45aFad8EC00c1E4c
dont_forget_canada,9,44.396992065381866,0,0.0,44.396992065381866,-0.0,44,0x009af493e9A3a3Ba3DFfBF734E1B2a5B0352dF46
Shinryukens,31,44.396992065381866,0,0.0,44.396992065381866,-0.0,44,0x23F9E7527F11705646D2C8cBCC1733413e31Fd69
for3ign21,23,44.396992065381866,0,0.0,44.396992065381866,-0.0,44,0x8861E9Cf97C19C5AEc0B7E8b984B8af75e75286E
noweezernoworld,1,44.396992065381866,0,0.0,44.396992065381866,-0.0,44,0x867Ee8FCaD0e363fc99a78b9dDAE468140a989dA
TripleReward,24,44.396992065381866,0,0.0,44.396992065381866,-0.0,44,0x9E7105436F494938814E5a0bd9284C82c52f9766
Aakarsh_K,12,44.396992065381866,0,0.0,44.396992065381866,-0.0,44,0x8142a9428a916c64981a4de2c29f4f56978c1644
lookwhatumademedoo,28,41.785404296829995,0,0.0,41.785404296829995,-0.0,42,0xD43F129bbcDa9856389d1e8cB80873ae4b03B307
lostharbor,17,41.785404296829995,0,0.0,41.785404296829995,-0.0,42,0xf51C81Aa9eC6D7D335A559782B9a4B4205b2CF59
noob_zarathustra,6,41.785404296829995,0,0.0,41.785404296829995,-0.0,42,0x135E704E67D6B6C9Fe69C3a1e2aB1047bF07b700
Exciting-Ad1011,9,41.785404296829995,0,0.0,41.785404296829995,-0.0,42,0xabE4D9c31eE7Ec43b8b9CCC3573030245C1A9743
terp_studios,17,39.173816528278124,0,0.0,39.173816528278124,-0.0,39,0xA92c2dFb5974c0531A1028Fc2f3acEf615F468aE
DrestinBlack,18,39.173816528278124,0,0.0,39.173816528278124,-0.0,39,0x4396aa49c306e555edb2eb39b3a9873bdaee2d79
Ok_Election7896,14,39.173816528278124,0,0.0,39.173816528278124,-0.0,39,0x8DfdD8E1f2EA3f70C7a5f0a42903A8239a83d313
musthaf3star,23,39.173816528278124,0,0.0,39.173816528278124,-0.0,39,0x8a3FD9c9a75934F36dc8D9d220FFfC49De8cFc3e
Slippytoe,13,36.562228759726246,0,0.0,36.562228759726246,-0.0,37,0x7021bCC7C13f241CD1Ee0412EA8B6bb8B64D0229
beerdrinker_mavech,18,36.562228759726246,0,0.0,36.562228759726246,-0.0,37,0x0ab9cb780BAAbd1aC9b93b31A756E255905106A0
kalle_sol,16,36.562228759726246,0,0.0,36.562228759726246,-0.0,37,0xda984F3BdADB67e2bE82a6627988C16B92e476Bd
Omega_buttfuselage,11,36.562228759726246,0,0.0,36.562228759726246,-0.0,37,0xDf74dfE4e6Ef0612D990fC4418Ea8d681CAFEb2f
JGCheema,14,36.562228759726246,0,0.0,36.562228759726246,-0.0,37,0x807ECF291DeFe8D3400041394158ed83Ef035bF5
YourMomIsTooHeavy,15,33.95064099117437,0,0.0,33.95064099117437,-0.0,34,0xe191f0A26f7d93f9250E7AB3054325F108875264
testitestman,14,33.95064099117437,0,0.0,33.95064099117437,-0.0,34,0xB07f7C40A8Ad39f44b6B994526fCD45741DeabD9
peppers_,11,33.95064099117437,0,0.0,33.95064099117437,-0.0,34,0x32498e61176646Dee8DbC56f642bDa4cAc31AC6a
Pxtxr,12,33.95064099117437,0,0.0,33.95064099117437,-0.0,34,0x335c91676A9d59547229C1cD8E5D47F5D72bc591
Dieselpump510,30,31.339053222622496,0,0.0,31.339053222622496,-0.0,31,0x49515072a2679E82Ac383B7c57bBD47221ba8116
Top_Performance_732,10,31.339053222622496,0,0.0,31.339053222622496,-0.0,31,0x88B8073739F867126C96F392512dDB34EF3A350E
Correct-Style-9194,10,31.339053222622496,0,0.0,31.339053222622496,-0.0,31,0x3EB5b409b2A95B99567C51a04760699a4F291201
0815erMG,8,31.339053222622496,0,0.0,31.339053222622496,-0.0,31,0xEd8CD9339898dF96C51106e94abF19455B2605F1
Intelligent_Page2732,12,28.72746545407062,0,0.0,28.72746545407062,-0.0,29,0xf9B1a56C5343303b9B942bBce978C44B85C4D249
porkbuffet,7,28.72746545407062,0,0.0,28.72746545407062,-0.0,29,0x9E908EfE292817f208E413da6a8cE84B9f3285E3
Maxx3141,1,28.72746545407062,0,0.0,28.72746545407062,-0.0,29,0x38E9b314f453789843ED993f8d578d7Df551D269
TortenKonsorten,8,28.72746545407062,0,0.0,28.72746545407062,-0.0,29,0xa9d347DF626EB3cE5C0A9f77A4AE3901e0883cf8
ACE415_,21,28.72746545407062,0,0.0,28.72746545407062,-0.0,29,0x1Ef3480b426dE435e4928922C2Ee57359E864F47
Pilsner_all_day_long,3,26.115877685518747,0,0.0,26.115877685518747,-0.0,26,0x1e45bAbb676972Ed46a68cB073A02E91DD0280B3
suspensor64,10,26.115877685518747,0,0.0,26.115877685518747,-0.0,26,0x6Ae1826Df96585F905c0b2141e2a33BA2d6495a4
spartikle,16,26.115877685518747,0,0.0,26.115877685518747,-0.0,26,0x7B66E9977F282b917B3F68E0bD729B9790eEc3D3
ToothlessPeter,6,26.115877685518747,0,0.0,26.115877685518747,-0.0,26,0x4835cb367307249E927E29F9EE76D36f65765F30
Security_Raven,23,26.115877685518747,0,0.0,26.115877685518747,-0.0,26,0xFBddB66A587515789f4bF2bFA5e19FE98e980104
clean_cut89,15,26.115877685518747,0,0.0,26.115877685518747,-0.0,26,0xA7849028c7f37B092BA2CC13365F72A2AF9f0880
BlockChad,18,26.115877685518747,0,0.0,26.115877685518747,-0.0,26,0x92A6F288d6a55247a69Df29a8F763958D7d56a7A
ProfBullishChad,5,26.115877685518747,0,0.0,26.115877685518747,-0.0,26,0x4980e7f0Fa67a3297401C034559BFAEE9B5Add08
picklemonkey,12,23.504289916966872,0,0.0,23.504289916966872,-0.0,24,0x15392E3432b6c5bd7eD04C979865442fBB4099aa
CWB2208,12,23.504289916966872,0,0.0,23.504289916966872,-0.0,24,0x29631B6fc0ca48993CbFDfBF648dc2442d3A4893
SqrHornet,5,23.504289916966872,0,0.0,23.504289916966872,-0.0,24,0x83800BDc4F58a6CBDf156a9F35158E5c6241551e
Cyrus-114,10,23.504289916966872,0,0.0,23.504289916966872,-0.0,24,0x72BFACcD795B6E2B340c0B3639410C77F99D60AE
Upvote_Me_Slag,7,23.504289916966872,0,0.0,23.504289916966872,-0.0,24,0x62454F0A83249cE02Bd782FF59fF495785Ce5f75
redditaccount300000,17,23.504289916966872,0,0.0,23.504289916966872,-0.0,24,0xfDE300B523A623707531E2Da9ca69A6a0e78BF35
ExplanationLittle,2,23.504289916966872,0,0.0,23.504289916966872,-0.0,24,0x7fC4E047CC54159ca51974Fe796da2FC9a10c893
This_Red_Apple,8,23.504289916966872,0,0.0,23.504289916966872,-0.0,24,0x0A2C343fc58354848508AB4A4c3AB41dFd39a793
Alanski22,6,20.892702148414998,0,0.0,20.892702148414998,-0.0,21,0x810a161B6856c34d4e8c248d5C84EC32e5a07C14
Jackieknows,8,20.892702148414998,0,0.0,20.892702148414998,-0.0,21,0xE56D7117eeE8d87F68FFc23bCBF7BcB600718b1B
Nyarlatotep781,25,20.892702148414998,0,0.0,20.892702148414998,-0.0,21,0x3601cfEa89c813aDeFB0F623743d0B2a7c5736Bf
wato4000,8,20.892702148414998,0,0.0,20.892702148414998,-0.0,21,0x13C5568897E2D35FE084a2a5773b1711532472Ef
geniusboy91,3,18.281114379863123,0,0.0,18.281114379863123,-0.0,18,0x9B1d95c93ecd5ec23Bc883fa9899cFDA8e38779A
Dull-Wear-3286,6,18.281114379863123,0,0.0,18.281114379863123,-0.0,18,0x918AA4737037E1cD1B686F71b161794029F18329
SwissPlebs,13,18.281114379863123,0,0.0,18.281114379863123,-0.0,18,0x13380D4F424df4d624D31376d1f2F08E1a06f2Cb
DarkestTimelineJeff,1,18.281114379863123,0,0.0,18.281114379863123,-0.0,18,0xa15499E085B440b04d790cbE24e03597E3717F3A
Practical-Store9603,11,18.281114379863123,0,0.0,18.281114379863123,-0.0,18,0x57b0c5f3Db43E439c1b805e8B4Ac80A20D051619
maharajgss,12,18.281114379863123,0,0.0,18.281114379863123,-0.0,18,0xd4E9690805ddA690907Bcf094b8AC96db0f358C8
steamyp,4,18.281114379863123,0,0.0,18.281114379863123,-0.0,18,0x268d91CAA7B25eC0Fe3D84bca24d5230a6aAF1d1
BuuWrath,3,18.281114379863123,0,0.0,18.281114379863123,-0.0,18,0x5C1e162A51BB53edf717B6e3c7Ab0c6c4BdEEB80
fulento42,14,18.281114379863123,0,0.0,18.281114379863123,-0.0,18,0xa1523c475292067C102C6D5C68c4c194B8f264C2
HolyQuackamoli,5,15.669526611311248,0,0.0,15.669526611311248,-0.0,16,0x4831EFc0DCBF15B4F636CD4b45AD2AFC9756aace
KimNeiAssnKluusMiet,10,15.669526611311248,0,0.0,15.669526611311248,-0.0,16,0x7a8d356f88fc2d36F3601e26EA63f9414ef74a09
leotardodicabrio,7,15.669526611311248,0,0.0,15.669526611311248,-0.0,16,0x94e617860F625b62a368073b30C7905E8665903E
abeecrombie,4,15.669526611311248,1,249.92343032159266,265.5929569329039,-250.0,16,0x1056d9f262E7b3d219e1f939447B349bA0a94B1C
PumpkinSpice2Nice,14,15.669526611311248,0,0.0,15.669526611311248,-0.0,16,0xD0FAee7D6405e0F620907B3381E8F56627E2FcfA
htapoicos_latot,11,15.669526611311248,0,0.0,15.669526611311248,-0.0,16,0xBaD3DE7bdb10e5c3A1B153cB726a8A3579a429D1
Nikolai_Volkoff88,8,15.669526611311248,0,0.0,15.669526611311248,-0.0,16,0x8AAfb3b4d83B91035066C671720172B492581C88
Positive-Gazelle2603,13,15.669526611311248,0,0.0,15.669526611311248,-0.0,16,0xE3fE5E1F139eDd94a4B6B1E46a256Db093FD4717
ghochumal,2,15.669526611311248,0,0.0,15.669526611311248,-0.0,16,0xaFd2141A0DE3CE28d4E47ba0E7E94b1f8df02e52
Durvag,3,15.669526611311248,0,0.0,15.669526611311248,-0.0,16,0x271a79fce2724cf9c8ed679da513ea052a3df326
OsChMoScH,10,15.669526611311248,0,0.0,15.669526611311248,-0.0,16,0xee5d874557bd88397EE1Cb7E0D950908E4F87111
ChemicalAnybody6229,5,15.669526611311248,0,0.0,15.669526611311248,-0.0,16,0xC8CCAf6A7276381d4103aA5aD1816C0fe8C9848f
ChampionshipLow8541,7,15.669526611311248,0,0.0,15.669526611311248,-0.0,16,0x40DEb66b34B83643DD5cDF1344e4d85FB364e930
T2LV,5,15.669526611311248,0,0.0,15.669526611311248,-0.0,16,0xaa62d6D531309F029A62cDa5F5d25Af46AAfF42A
pithilyStock,7,13.057938842759373,0,0.0,13.057938842759373,-0.0,13,0x234C9572CA2F7DB83B9131644fEe7081767958bA
tetra417,2,13.057938842759373,0,0.0,13.057938842759373,-0.0,13,0xffD04D6355bdD726237500d0bAE25329Fa653B67
spacsandspacs,5,13.057938842759373,0,0.0,13.057938842759373,-0.0,13,0xE0ae9458499f5F44F561b5DA6D0cd3355F9CE2Bf
Kraehenhuette,7,13.057938842759373,0,0.0,13.057938842759373,-0.0,13,0x1017b868C883C72271916D7B59E8d11172F02230
leviathynx,6,13.057938842759373,0,0.0,13.057938842759373,-0.0,13,0x8843763575bcc72cafd54314ffbd64d7b0463e1a
purzeldiplumms,2,13.057938842759373,0,0.0,13.057938842759373,-0.0,13,0x7BF6F80504D7E6C29BD24FE42BCE525fA6785CAd
SignificantProduce48,5,13.057938842759373,0,0.0,13.057938842759373,-0.0,13,0xa1094064319739186DDA4Edc682C97583A86ab8c
Most_Being_4002,10,13.057938842759373,0,0.0,13.057938842759373,-0.0,13,0x687B1FB763b9956500F18c5611D29eFC7B9c163A
NoProfessional232,4,13.057938842759373,0,0.0,13.057938842759373,-0.0,13,0xC5804d586dA0779EbEbD3FA202Ffa53d8B09E9b0
Xeritos,1,13.057938842759373,0,0.0,13.057938842759373,-0.0,13,0x1348C0c2E2836E40234fF13dB5483D796827c1A4
R_Boa,6,13.057938842759373,0,0.0,13.057938842759373,-0.0,13,0xFe9019B6Eb704021ea32F5331e74461ef0b8D744
Samir2298,5,13.057938842759373,0,0.0,13.057938842759373,-0.0,13,0x54C334fa1A5BC243874eB6f7573E2e6e4e305Df0
Well_thatwas_random,6,13.057938842759373,0,0.0,13.057938842759373,-0.0,13,0x2bBd3A244cDBf04804362c99990714E740AE1d88
Roy1984,7,13.057938842759373,0,0.0,13.057938842759373,-0.0,13,0x0cC7dAE1748e8E5371b2e2b47a5D9446E1D46546
OctoBitcoin,2,10.446351074207499,0,0.0,10.446351074207499,-0.0,10,0xF5d1FBa5bF54c0Cc45DA853D66e91B25446d389f
twicrates,3,10.446351074207499,0,0.0,10.446351074207499,-0.0,10,0x244645E206B96450cCc50119aa86af9778eAc3b3
mrjune2040,3,10.446351074207499,0,0.0,10.446351074207499,-0.0,10,0xa433d3e9B1390e5691Ace268484b8Ac23120Fad4
hwaite,5,10.446351074207499,0,0.0,10.446351074207499,-0.0,10,0x19dCB05BDc5226eEa5d908Db0DfC94E3bd755b50
Negative-Structure51,3,10.446351074207499,0,0.0,10.446351074207499,-0.0,10,0xEeD61A99606b5F433d3E842Ca08Ffdc8825b2cDb
nobelcause,12,10.446351074207499,0,0.0,10.446351074207499,-0.0,10,0x57855ca297ECB91EF1BE3CE1e74B9492CF50C69C
CacahuateCR,6,10.446351074207499,0,0.0,10.446351074207499,-0.0,10,0x4e2e6928272f1e9fDD6Af03C2Db365BAE93bb974
rundown03,1,10.446351074207499,0,0.0,10.446351074207499,-0.0,10,0x430006f4127ee2f4edb269D6a01BA1eDBdF237C3
CageMyElephant,4,10.446351074207499,0,0.0,10.446351074207499,-0.0,10,0x4720E5c36A4Ce247387bDbDE386D68cEC22261dA
TwoCapybarasInACoat,1,10.446351074207499,0,0.0,10.446351074207499,-0.0,10,0xA932e37cf8184c555Adb784b0E758A4551e927A6
rafakata,4,10.446351074207499,0,0.0,10.446351074207499,-0.0,10,0xd8E492Ede29fb17f9910AD12054047A4C5af9D15
aastha55,2,10.446351074207499,0,0.0,10.446351074207499,-0.0,10,0x6A0c60CC0ad28c895Aae6b23D19a38047B1a17B7
evil_betty_,8,10.446351074207499,0,0.0,10.446351074207499,-0.0,10,0x1A86440fD49a1e85C46c66ba64C46b98b0e3b6Ab
Soaring_Eagle590,7,7.834763305655624,0,0.0,7.834763305655624,-0.0,8,0x35162A2ed27a8E2dC96471AB6Fb63e0Fd5058d46
dericecourcy,2,7.834763305655624,0,0.0,7.834763305655624,-0.0,8,0x4275bda9709E948FeC49C793fdb13D4a5788d9af
Stalslagga,1,7.834763305655624,0,0.0,7.834763305655624,-0.0,8,0x4d25819e9de2a2eeeddca953d1ef0182680a7054
chillinewman,5,7.834763305655624,0,0.0,7.834763305655624,-0.0,8,0xC9BEd71F2F1760002864E7ecCAA8C3f36fFc4745
na7oul,3,7.834763305655624,0,0.0,7.834763305655624,-0.0,8,0x53D0F1e389548BF97A5c7Dd5715b2bDA7A2E83FE
Nicks_WRX,4,7.834763305655624,0,0.0,7.834763305655624,-0.0,8,0xEe55b4a512BCF14780C33Bf9C2B69047077d6Ac6
EveryDayDoggo,14,7.834763305655624,0,0.0,7.834763305655624,-0.0,8,0xF63Ee7B2FB86Bed61C9912ffACf59Bf16eB068f8
CaregiverStandard427,3,7.834763305655624,0,0.0,7.834763305655624,-0.0,8,0x87C56517c9F7F46390772a93EBe0f1769E2B632f
torontoglutton,2,7.834763305655624,0,0.0,7.834763305655624,-0.0,8,0xA25b4F46aD56652Adb5761FEB0cccCb960F0B044
Snoo_92843,6,7.834763305655624,0,0.0,7.834763305655624,-0.0,8,0x65Fbaa1F5c7Cc72d3166843465109Bc7df7a2597
FilthyPete0815,4,7.834763305655624,0,0.0,7.834763305655624,-0.0,8,0x2Ba5F91fa27987c9Ab444Ae7a0C4773c1201F50C
deedopete,4,7.834763305655624,0,0.0,7.834763305655624,-0.0,8,0x18cE3B3B9A95Be4ec36D5594E2b6611D8DA3253B
deckartcain,10,7.834763305655624,0,0.0,7.834763305655624,-0.0,8,0xA4d537811A3DB27d92502E8FC62CbeB2DF7D9BAF
ch00nz,4,7.834763305655624,0,0.0,7.834763305655624,-0.0,8,0x93019cbFcA8BD03cB12C486534f46c40e4974cf7
InevitableComplex895,5,7.834763305655624,0,0.0,7.834763305655624,-0.0,8,0xe1C712Df934f18486A7605D80ca0B310340A4E52
stupidcupid112,4,7.834763305655624,0,0.0,7.834763305655624,-0.0,8,0xb6FCF4e050c9487A4dbe1851B178D416449f2a94
Mysterious_massage,11,7.834763305655624,0,0.0,7.834763305655624,-0.0,8,0x1678287d70339e477023E9C0d3f8b2ff966fc3ad
mimsoo777,5,7.834763305655624,0,0.0,7.834763305655624,-0.0,8,0x0F178370Bd5F68003C107527143C3a082134F966
tiger1647,3,7.834763305655624,0,0.0,7.834763305655624,-0.0,8,0xBe8b633F3a1DbA75114fd739da8B873e9fD74cFF
420weedscopes,3,7.834763305655624,0,0.0,7.834763305655624,-0.0,8,0x4d22f2d09f9E49B014E3a1AFC4f903a25a8c17FD
KunibertQuack,2,7.834763305655624,0,0.0,7.834763305655624,-0.0,8,0x1aF1c404668F609C6D811de9E4137eF01c0a7905
JoeYo743,3,7.834763305655624,0,0.0,7.834763305655624,-0.0,8,0xD793a39aA284C179418Eff321156eAc0A1a10330
Cyber-Cafe,4,7.834763305655624,0,0.0,7.834763305655624,-0.0,8,0xdB950096F33FE54759a2C62471D7Ce26e6316009
wartywarth0g,7,7.834763305655624,0,0.0,7.834763305655624,-0.0,8,0x7bB9a8e1f52bd7CE7B18d4CDE6f8c5F10fd0E729
JVHooligan,15,7.834763305655624,0,0.0,7.834763305655624,-0.0,8,0x45b74f08d50f042c1ea2fc9c525b4e57e2ed63a6
fifaLaRevolucion,3,7.834763305655624,0,0.0,7.834763305655624,-0.0,8,0xcc7Abe32B7A86cF0074d5E1BD197a90199D1b51b
ArstotzkaHero,3,7.834763305655624,0,0.0,7.834763305655624,-0.0,8,0x0E26ffDc9185887a9e95aC97a94dF96645Ea168C
billyromaine,1,7.834763305655624,0,0.0,7.834763305655624,-0.0,8,0xC856f02305eF7319c26AbeC5EfC81ca335a944ae
kaprrisch,1,7.834763305655624,0,0.0,7.834763305655624,-0.0,8,0x158f09449Ed07A358f91AF826e5cFcFb19D000E3
jersey-city-park,2,7.834763305655624,0,0.0,7.834763305655624,-0.0,8,0xdcF7d587E6E96Fb58ed9Ff46bb040f73040Cbc6A
Mtballer09,35,151.47209057600872,1,106.2174578866769,257.6895484626856,-250.0,8,0x7d42f7CeB9D64B753D08b61fAc8478F53b16ee82
breathe345,9,7.834763305655624,0,0.0,7.834763305655624,-0.0,8,0x497e3c7983a33023ecbd61b1611faaf811cdbb86
UnknownEssence,4,7.834763305655624,0,0.0,7.834763305655624,-0.0,8,0x00Bff92173571Afc918406D02362969DF905f868
dodospaaanu,3,7.834763305655624,0,0.0,7.834763305655624,-0.0,8,0xFcb8Ea081686D130183B424D45d30Ee6D87A91e2
djlaqua91,5,7.834763305655624,0,0.0,7.834763305655624,-0.0,8,0x01db9CccdA57fa1e66D3Bf4b584807f002EB12B3
ChunkyFunkyGoodness,1,5.223175537103749,0,0.0,5.223175537103749,-0.0,5,0xCED820aaAf464056D597b36BF3DbeCF83BB4Ba57
fairysquirt,25,5.223175537103749,0,0.0,5.223175537103749,-0.0,5,0xB127e23bf80e0D8688D994c1a093e3657856A040
Yoldark,3,5.223175537103749,0,0.0,5.223175537103749,-0.0,5,0x1542cBd59A301e8b8bceD150c752e5a49D196F04
Styl_Ianos_,3,5.223175537103749,0,0.0,5.223175537103749,-0.0,5,0xa5d6fe590d153696a64cf10bc18CB3101e83b15B
forstyy,2,5.223175537103749,0,0.0,5.223175537103749,-0.0,5,0x89D4B57fB8636fF40C94Ec407D7Cc6080D6157cE
h14n2,2,5.223175537103749,0,0.0,5.223175537103749,-0.0,5,0x3aCb633dFf326C682f04040A1C370a21436B00c2
hellosamaira,1,5.223175537103749,0,0.0,5.223175537103749,-0.0,5,0x8260F3783Ea27999D37c2629A57CD4707db4b3F9
Repulsive-Minimum-20,1,5.223175537103749,0,0.0,5.223175537103749,-0.0,5,0x8B5c9e7E289968B5e8C7Cbb4B0ed21Eb14eA8c9B
lordofming-rises,3,5.223175537103749,0,0.0,5.223175537103749,-0.0,5,0x92614001b078d7c315A7956Bb1b66963c4e6a434
lunahighwind,3,5.223175537103749,0,0.0,5.223175537103749,-0.0,5,0xd4ca47D9f9407cFc4a9f83c30B55383f8645B717
m00nk3y,4,5.223175537103749,0,0.0,5.223175537103749,-0.0,5,0x69fF9E437A094ff91d5c6524de4FF35938904Df3
xMrDeex,2,5.223175537103749,0,0.0,5.223175537103749,-0.0,5,0x17282526a7Dc17942a2958A6f42092508A56bC5C
ominous_anenome,2,5.223175537103749,0,0.0,5.223175537103749,-0.0,5,0xFC9d2b61E2F29805232D4a6512dE853b2A00381b
Sendmedoge,6,5.223175537103749,0,0.0,5.223175537103749,-0.0,5,0x3F185d145bB5f4a69307d16b88e6d99AAE7107Fb
Jenn2895,3,5.223175537103749,0,0.0,5.223175537103749,-0.0,5,0x35ACD062dac967F50aB7e19Caa1dD529096040C5
ElCorbusier,1,5.223175537103749,0,0.0,5.223175537103749,-0.0,5,0x1b47234f4946efc1ab4ad798b960cbc3186ebebc
strongkhal,3,5.223175537103749,0,0.0,5.223175537103749,-0.0,5,0x6D083f836B5DF32E73d000b002CF5Fd47DCffD1F
HadynGabriel,1,5.223175537103749,0,0.0,5.223175537103749,-0.0,5,0x1b52e4d8E3a2Dc27EF5a0A5Ae5Fd673F7f4BE558
chipxsimon,3,5.223175537103749,0,0.0,5.223175537103749,-0.0,5,0xF267f0A506bc539990947352C950fC8b12F245e3
JAlbert653,1,5.223175537103749,0,0.0,5.223175537103749,-0.0,5,0x4dec828D25D4dd8F46c12aabA629DdB9bfBf03bF
bigstew6,3,5.223175537103749,0,0.0,5.223175537103749,-0.0,5,0xb90Cb3ce84Ddc11B01e37fe01C1eA750797CEb4D
GapingFartLocker,2,5.223175537103749,0,0.0,5.223175537103749,-0.0,5,0x13CA39C566ACf798c49e481b9960E35dD9860DA9
FirstBlastThenAsk,1,5.223175537103749,0,0.0,5.223175537103749,-0.0,5,0xC310a7c21E871E9ccA7aEBc78DAC096FDe528B79
TrashJonny,1,5.223175537103749,0,0.0,5.223175537103749,-0.0,5,0xdeBFfC0A510D8630aCDD83411Fde31eed8Cf5d3D
Embarrassed_Chef_393,5,5.223175537103749,0,0.0,5.223175537103749,-0.0,5,0x3b58E0f42F151ef3e91AE618598b63607B7FEA1E
J-96788-EU,5,5.223175537103749,0,0.0,5.223175537103749,-0.0,5,0x2AAB3E4A213052C648A6331d28d5e0F3abD6C167
DrXaos,4,5.223175537103749,0,0.0,5.223175537103749,-0.0,5,0xB1d5bBe4734f9Eb4F20632f75385D882Ac540971
No_Engineering18881,5,5.223175537103749,0,0.0,5.223175537103749,-0.0,5,0x299aC17cD17b3327577d9D84468c79D99ea0FA0a
krimmelnnd,3,2.6115877685518747,0,0.0,2.6115877685518747,-0.0,3,0x41D5B7bb9322fb8236Ac0F21040c97Cc3bb7d629
justcamefromcaves,3,2.6115877685518747,0,0.0,2.6115877685518747,-0.0,3,0xF8Df284e6c37090dc81f01E261Dc553c07b60520
Basoosh,1,2.6115877685518747,0,0.0,2.6115877685518747,-0.0,3,0x80148c5d2b61182107f43FAE67f8F2ec4b5dbcDE
mellon98,1,2.6115877685518747,0,0.0,2.6115877685518747,-0.0,3,0x122ec44c3fC85d3F1dDd72d5FE940B7d61534465
spaceleafxyz,1,2.6115877685518747,0,0.0,2.6115877685518747,-0.0,3,0xC38Ab09e69d6c4Af2De8091CcdaCbeD86321a89F
royalewcheeze,2,2.6115877685518747,0,0.0,2.6115877685518747,-0.0,3,0x2f02c225e1B901F76d7094b7838EfF474687202c
maurinet79,1,2.6115877685518747,0,0.0,2.6115877685518747,-0.0,3,0x01Ec2fba460d76D28fa7d5a5015F2e1Bd170b2B9
Xenc,1,2.6115877685518747,0,0.0,2.6115877685518747,-0.0,3,0xC1D48CEcff8Ea376C41C34f11d87923CA4c5dB80
kishorexk,1,2.6115877685518747,0,0.0,2.6115877685518747,-0.0,3,0xCC3196a78Caa28E0b11C4e369B2a9C619D96D749
markhealey,1,2.6115877685518747,0,0.0,2.6115877685518747,-0.0,3,0x5c9E52488a152980cBb5852Be862a96CbeC16130
knightnemo8,3,2.6115877685518747,0,0.0,2.6115877685518747,-0.0,3,0xA621C9c0F67544177cFE95Eca444FA133502F454
specific_tumbleweed,2,2.6115877685518747,0,0.0,2.6115877685518747,-0.0,3,0x138aF5DA1A3D76DFAfd6EA53CBded4e139c030Fd
ALiteralHamSandwich,7,2.6115877685518747,0,0.0,2.6115877685518747,-0.0,3,0x5f9D94CC0071aCaF471Ec711143085E0DCdf453a
squiblib,7,2.6115877685518747,0,0.0,2.6115877685518747,-0.0,3,0x488319E6A3da563A9febD3a75B2b57e298Bca9d9
Aguaskeepartdeux,2,2.6115877685518747,0,0.0,2.6115877685518747,-0.0,3,0x8F8E6bb6D20fB56a6988F91E60cf8b5437CC052f
MrMogz,2,2.6115877685518747,0,0.0,2.6115877685518747,-0.0,3,0xDe9E785abB930c5cCA3a5625c51e5dE843d391f4
ateeqanwer,4,2.6115877685518747,0,0.0,2.6115877685518747,-0.0,3,0xf1FC50365fD60B8b8d88f0f58807F3d4801D4311
Savi321,2,2.6115877685518747,0,0.0,2.6115877685518747,-0.0,3,0x7eA45e32a4F75F79615e1C77fA017F2ac4fE66AB
BenadrylTumblercatch,3,2.6115877685518747,0,0.0,2.6115877685518747,-0.0,3,0x424353B7940F481192AD5704d49B9E4C87661F3A
angyts,2,2.6115877685518747,0,0.0,2.6115877685518747,-0.0,3,0x27B04C7bB686d36f69D9A0bc83F50db316337748
mintycrypto,1,2.6115877685518747,0,0.0,2.6115877685518747,-0.0,3,0x95bd67128bF0799f5CC6db5eDC0378033B5a7300
Actual_Salary_3440,1,2.6115877685518747,0,0.0,2.6115877685518747,-0.0,3,0xaA5c20117eE13bc40D0AbA346cA8BB4F635f7c97
Mettez,1,2.6115877685518747,0,0.0,2.6115877685518747,-0.0,3,0xBA65ac6123bF2970F629C8417d4498fE119Ff33a
split41,1,2.6115877685518747,0,0.0,2.6115877685518747,-0.0,3,0x54f38f4E33e47BD13e7A0F46Ed7AfAD61A40BFc1
Designer_Restaurant1,2,2.6115877685518747,0,0.0,2.6115877685518747,-0.0,3,0xdB087803d4FE231478755E10F86BF26065C0c018
DLHEBT,1,2.6115877685518747,0,0.0,2.6115877685518747,-0.0,3,0x7d099273bdb0A3D9642b4caE634bFD43f2E4f800
Berodur,2,2.6115877685518747,0,0.0,2.6115877685518747,-0.0,3,0xeDfAd4FfF33efbb972ccb7bD5823d8695373C059
Tomatomancoming,3,2.6115877685518747,0,0.0,2.6115877685518747,-0.0,3,0xC0d68A67D8063a347d9C18Dae5cE139093f9757E
ObductMePlease,1,2.6115877685518747,0,0.0,2.6115877685518747,-0.0,3,0xbb6bDd345943830554817a789D69DF9E24f6cD2b
Nutcase420,1,2.6115877685518747,0,0.0,2.6115877685518747,-0.0,3,0x184f2f2cbB7F9F3D07b0dF10a937055Fd2dFa4F8
dtol2020,2,2.6115877685518747,0,0.0,2.6115877685518747,-0.0,3,0x3D8050cBC1e52016C2f09FaFC1E0a7C98C71268D
tobetobii,1,2.6115877685518747,0,0.0,2.6115877685518747,-0.0,3,0x00b2c3329Bc3209C24774c83A1da9474105E97B0
sidmehra1992,5,2.6115877685518747,0,0.0,2.6115877685518747,-0.0,3,0x8b8b367466CAD36cbbD3dde46682927371dFF630
dont_hate_scienceguy,1,2.6115877685518747,0,0.0,2.6115877685518747,-0.0,3,0x453646b0AD86697F3bfbE61F086F10FBf9954c72
Parush9,2,2.6115877685518747,0,0.0,2.6115877685518747,-0.0,3,0x4002cF92BC9cd5a835bDb61ff3068C4363DA2f50
ECore,1,2.6115877685518747,0,0.0,2.6115877685518747,-0.0,3,0x0748e47BF9f34893B6963a1E333E64b0e7Ddc38F
CanonF1_2,1,2.6115877685518747,0,0.0,2.6115877685518747,-0.0,3,0xF5D24b062eb80A4Ea2D98534740584841D43e813
PsieSyrenki,1,2.6115877685518747,0,0.0,2.6115877685518747,-0.0,3,0x839E8aD6a74598765424cBd728FBDc527D68Dc86
CarsasmNycism,2,2.6115877685518747,0,0.0,2.6115877685518747,-0.0,3,0xB37e6049b032ae3bf7fA97c4200fD8e7928dFc04
Film54,1,2.6115877685518747,0,0.0,2.6115877685518747,-0.0,3,0xFB4398669b66AEA13DF763F765A412611b73e933
cryoK,1,2.6115877685518747,0,0.0,2.6115877685518747,-0.0,3,0x719b1A87cA7C09b633D710468f7ebC7e28Ab41E0
BigDeezerrr,1,2.6115877685518747,0,0.0,2.6115877685518747,-0.0,3,0x9eA0b418E2ece314C96AdA4353999601902DE6C1
C1t1zen_Erased,1,2.6115877685518747,0,0.0,2.6115877685518747,-0.0,3,0x396E4bF204c736030BC92f0f1004df047106003b
sufkas,1,2.6115877685518747,0,0.0,2.6115877685518747,-0.0,3,0x54698F254129B5F8499383765ea697D1a865060e
salty-bois,1,2.6115877685518747,0,0.0,2.6115877685518747,-0.0,3,0xC29236dA2212f7589115a53FabcDeB1bfA03ddFE
alittlesomethingno,10,26.115877685518747,1,187.4425727411945,213.55845042671325,-250.0,-36,0x5af8d51b7b809e661c516080d020c4d98a993c64
SharkOwO,292,650.2853543694168,3,62.480857580398165,712.766211949815,-750.0,-37,0x85F3E5b880Bcb4149673aAf6B92e32179a45b9f1
cryptbunks,0,0.0,1,193.69065849923433,193.69065849923433,-250.0,-56,0x8939F06ef2b75B5082767Ca6b0dAa2C0Fc1A82eE
hquer,1,0.0,1,187.4425727411945,187.4425727411945,-250.0,-63,0x432B25711BEC4429D7F8FE64eDB6fD13741203Ba
thecryptos,6,18.281114379863123,1,168.69831546707505,186.97942984693816,-250.0,-63,0xe77D2793F6B75A92BF25F797056Fc4693C1bE2d6
pc1e0,24,54.843343139589365,1,124.96171516079633,179.8050583003857,-250.0,-70,0x3741703f6DB21aC013D009fafE64c85b717b1b37
Wrench555,84,112.29827404773062,1,12.496171516079635,124.79444556381026,-250.0,-125,0x0e714307427c11Ec4Cd578edA393Af4C77fE4d07
Smokyish,0,0.0,1,124.96171516079633,124.96171516079633,-250.0,-125,0x5921A3Fa05B3e55615eB4F9d7d5634Ab8c39C5Ae
JETTTZOR,0,0.0,1,93.72128637059726,93.72128637059726,-250.0,-156,0x401cD2a6590a19E9860281A3157b0B5E76dE1dc2
stedgyson,22,78.34763305655625,1,-62.480857580398165,78.34763305655625,-250.0,-172,0xe2dAf0e33492720d5Fc29749CDfbEe46b46B27cc
ethereum88,21,7.834763305655624,2,312.4042879019908,320.2390512076464,-500.0,-180,0x191692F362fC815F39ED894926cFd5E672e35B3E
Clash_onthe_Can,1,-2.6115877685518747,1,62.480857580398165,62.480857580398165,-250.0,-188,0xC16d1Bb0103B0c351Dc58e1EFaC5b64D785FEeb0
Laterxgater,3,0.0,1,62.480857580398165,62.480857580398165,-250.0,-188,0xB3731B4814DEC9893491822720224E710ad387FB
YourB0ss,20,36.562228759726246,1,-62.480857580398165,36.562228759726246,-250.0,-213,0xd3bfa3bf32b1eaa3f46b1f6d499db724b33cd8ab
bzzking,45,57.45493090814124,2,224.9310872894334,282.38601819757463,-500.0,-218,0x7C48CF841a4cd5754127148fB9B20580Fc51eBeb
g0rnex,6,15.669526611311248,1,-62.480857580398165,15.669526611311248,-250.0,-234,0x39E5E7E8cf7c1917814446815783e77cbda8d2c7
diarpiiiii,50,99.24033520497125,2,162.45022970903523,261.6905649140065,-500.0,-238,0x0497c1f8C4b2A6acEC4E8b618e6D84F5aE11C847
pixieshit,2,5.223175537103749,1,0.0,5.223175537103749,-250.0,-245,0x93894a9Af521c9383517aae8cE71416cC9e1B620
proandromeda,39,99.24033520497125,4,656.0490045941807,755.289339799152,-1000.0,-245,0xe27dBdcE3A2b92AA0af59608c3B5856A0C520B9b
Good_Extension_9642,29,5.223175537103749,1,-62.480857580398165,5.223175537103749,-250.0,-245,0xe64A9075826531d09931dD58D2D3cA8B94F8B49a
Crypto_Gaming_,1,2.6115877685518747,1,0.0,2.6115877685518747,-250.0,-247,0x58edD08A8f51ceA4c0faF176c71ab8C7c40ba1bc
Americanstandard,0,0.0,1,0.0,0.0,-250.0,-250,0x5a3572651Fad2c3f24A9b06516E6E41AB8C2577B
HAIKUuu,0,0.0,1,0.0,0.0,-250.0,-250,0x9224bbB4E0fBE2f2f8fab55DEbC41Eb21fDfB804
SuperbCantaloupe1929,41,143.6373272703531,2,0.0,143.6373272703531,-500.0,-356,0x33493c3DB1F4Fa1061C0199ab81111236375F74b
abcoathup,6,20.892702148414998,4,562.3277182235835,583.2204203719984,-1000.0,-417,0x13ebd3443fa5575F0Eb173e323D8419F7452CfB1
im_just_kidding_bruh,45,117.52144958483436,3,-124.96171516079633,117.52144958483436,-750.0,-632,0x38656ED26e0cd8516DD2d541ac75b9b86C070233
PeacockMamba,19,0.0,3,-62.480857580398165,0.0,-750.0,-750,0x81c257f559196aE212776c47044dd082858A11DA
Technical-Track2663,36,26.115877685518747,5,399.8774885145483,425.99336620006704,-1250.0,-824,0x4b18F1d9D983e20eF5D4E4fADFABE365cFd239A4
ImperialSoldiers,12,18.281114379863123,6,518.5911179173048,536.8722322971679,-1500.0,-963,0x6d4f2307F269e180f0F558217f729730795d2C8B
